Hire Date,Time Type,Job Family,Department,Race/Ethnicity,Hispanic or Latino,Veteran Status,Veteran Status (External),Disability Status,Disability Status (External),Age,Gender
39,Full time,Administrative,Academic Affairs,NaN,,,,,,15,NaN
34,Full time,Administrative,Academic Affairs,NaN,,,,,,20,NaN
29,Full time,Administrative,Academic Affairs,NaN,,,,,"No, I Don't Have A Disability, Or A History/Record Of Having A Disability",20,NaN
29,Full time,Administrative,Academic Affairs,NaN,,,,,"No, I Don't Have A Disability, Or A History/Record Of Having A Disability",20,NaN
27,Full time,Administrative,Academic Affairs,NaN,,,,,,21,NaN
27,Full time,Administrative,Academic Affairs,NaN,,,,,,21,NaN
27,Full time,Administrative,Academic Resource Center,NaN,,,,,,21,NaN
27,Full time,Administrative,Academic Resource Center,NaN,,,,,"No, I Don't Have A Disability, Or A History/Record Of Having A Disability",21,NaN
26,Full time,Administrative,Academic Support Services,NaN,,,,,"No, I Don't Have A Disability, Or A History/Record Of Having A Disability",22,NaN
26,Full time,Administrative,Academic Support Services,NaN,Yes,,,,,22,NaN
25,Full time,Administrative,Academic Support Services,NaN,,,,,"No, I Don't Have A Disability, Or A History/Record Of Having A Disability",22,NaN
25,Full time,Administrative,Academic Support Services,NaN,,,,,"No, I Don't Have A Disability, Or A History/Record Of Having A Disability",23,NaN
25,Full time,Administrative,Academic Support Services,NaN,,,,,"No, I Don't Have A Disability, Or A History/Record Of Having A Disability",23,NaN
25,Full time,Administrative,Academic Support Services,NaN,,,,,"No, I Don't Have A Disability, Or A History/Record Of Having A Disability",23,NaN
25,Full time,Administrative,Academic Support Services,NaN,,,,,"No, I Don't Have A Disability, Or A History/Record Of Having A Disability",23,NaN
24,Full time,Administrative,Accounting,NaN,,,,,,23,NaN
24,Full time,Administrative,Accounting,NaN,,,,,,23,NaN
24,Full time,Administrative,Accounting,NaN,,,,,,23,NaN
23,Full time,Administrative,Accounting,NaN,,,,,,23,NaN
23,Full time,Administrative,Accounting,NaN,Yes,,,,"No, I Don't Have A Disability, Or A History/Record Of Having A Disability",23,NaN
23,Full time,Administrative,Admissions,NaN,,,,,"No, I Don't Have A Disability, Or A History/Record Of Having A Disability",23,NaN
23,Full time,Administrative,Admissions,NaN,,,,,"No, I Don't Have A Disability, Or A History/Record Of Having A Disability",24,NaN
23,Full time,Administrative,Admissions,NaN,Yes,,,,"No, I Don't Have A Disability, Or A History/Record Of Having A Disability",24,NaN
21,Full time,Administrative,Admissions,NaN,,,,,"No, I Don't Have A Disability, Or A History/Record Of Having A Disability",24,NaN
21,Full time,Administrative,Admissions,NaN,,,,,,24,NaN
20,Full time,Administrative,Admissions,NaN,,,,,,24,NaN
20,Full time,Administrative,Admissions,NaN,,,,,"No, I Don't Have A Disability, Or A History/Record Of Having A Disability",24,NaN
20,Full time,Administrative,Admissions,NaN,,,,,"No, I Don't Have A Disability, Or A History/Record Of Having A Disability",24,NaN
20,Full time,Administrative,Admissions,NaN,,,,,,24,NaN
20,Full time,Administrative,Admissions,NaN,,,,,,24,NaN
19,Full time,Administrative,Advancement,NaN,,,,,"No, I Don't Have A Disability, Or A History/Record Of Having A Disability",24,NaN
19,Full time,Administrative,Advancement,NaN,,,,,,24,NaN
19,Full time,Administrative,Advancement,NaN,,,,,,24,NaN
19,Full time,Administrative,Advancement,NaN,,,,,,24,NaN
19,Full time,Administrative,Advancement,NaN,,,,,"No, I Don't Have A Disability, Or A History/Record Of Having A Disability",24,NaN
18,Full time,Administrative,Advancement,NaN,Yes,,,,"No, I Don't Have A Disability, Or A History/Record Of Having A Disability",24,NaN
18,Full time,Administrative,Advancement,NaN,,,,,,24,NaN
18,Full time,Administrative,Alumni Relations,NaN,,,,,,25,NaN
18,Full time,Administrative,Art,NaN,,,,,"No, I Don't Have A Disability, Or A History/Record Of Having A Disability",25,NaN
18,Full time,Administrative,Art,NaN,,,,,,25,NaN
18,Full time,Administrative,Art,NaN,,,,,"No, I Don't Have A Disability, Or A History/Record Of Having A Disability",25,NaN
18,Full time,Administrative,Art,NaN,,,,,"No, I Don't Have A Disability, Or A History/Record Of Having A Disability",25,NaN
17,Full time,Administrative,Art,NaN,,,7 - Other Protected Veterans (United States of America),,"No, I Don't Have A Disability, Or A History/Record Of Having A Disability",25,NaN
17,Full time,Administrative,Art,NaN,,,,,"No, I Don't Have A Disability, Or A History/Record Of Having A Disability",25,NaN
17,Full time,Administrative,Athletics,NaN,,,,,"No, I Don't Have A Disability, Or A History/Record Of Having A Disability",25,NaN
17,Full time,Administrative,Athletics,NaN,,,,,"No, I Don't Have A Disability, Or A History/Record Of Having A Disability",25,NaN
17,Full time,Administrative,Athletics,NaN,,,,,"No, I Don't Have A Disability, Or A History/Record Of Having A Disability",25,NaN
17,Full time,Administrative,Athletics,NaN,,,,,,25,NaN
17,Full time,Administrative,Athletics,NaN,,,,,"No, I Don't Have A Disability, Or A History/Record Of Having A Disability",25,NaN
17,Full time,Administrative,Athletics,NaN,,,,,"No, I Don't Have A Disability, Or A History/Record Of Having A Disability",25,NaN
17,Full time,Administrative,Athletics,NaN,,,,,"No, I Don't Have A Disability, Or A History/Record Of Having A Disability",25,NaN
17,Full time,Administrative,Athletics,NaN,,,,,"No, I Don't Have A Disability, Or A History/Record Of Having A Disability",25,NaN
16,Full time,Administrative,Athletics,NaN,Yes,,,,"No, I Don't Have A Disability, Or A History/Record Of Having A Disability",26,NaN
16,Full time,Administrative,Athletics,NaN,,,,,"No, I Don't Have A Disability, Or A History/Record Of Having A Disability",26,NaN
16,Full time,Administrative,Athletics,NaN,,,,,,26,NaN
16,Full time,Administrative,Athletics,NaN,Yes,,,,,26,NaN
16,Full time,Administrative,Athletics,NaN,,,,,,26,NaN
16,Full time,Administrative,Athletics,NaN,,,,,"No, I Don't Have A Disability, Or A History/Record Of Having A Disability",26,NaN
16,Full time,Administrative,Athletics,NaN,,,,,"No, I Don't Have A Disability, Or A History/Record Of Having A Disability",26,NaN
16,Full time,Administrative,Athletics,NaN,,,,,,26,NaN
15,Full time,Administrative,Athletics,NaN,,,,,"No, I Don't Have A Disability, Or A History/Record Of Having A Disability",26,NaN
15,Full time,Administrative,Athletics,NaN,,,,,,26,NaN
15,Full time,Administrative,Athletics -  Communications,NaN,,I AM NOT A VETERAN,,I Don't Wish To Answer,"No, I Don't Have A Disability, Or A History/Record Of Having A Disability",26,NaN
14,Full time,Administrative,Athletics - Business Operations,NaN,,I AM NOT A VETERAN,,I Don't Wish To Answer,,26,NaN
14,Full time,Administrative,Athletics - Business Operations,NaN,,,,,"No, I Don't Have A Disability, Or A History/Record Of Having A Disability",26,NaN
14,Full time,Administrative,Athletics - Cross Country,NaN,Yes,,,,"No, I Don't Have A Disability, Or A History/Record Of Having A Disability",26,NaN
14,Full time,Administrative,Athletics - Football,NaN,,,,,,26,NaN
14,Full time,Administrative,Athletics - Football,NaN,,,,,,26,NaN
14,Full time,Administrative,Athletics - Football,NaN,,,,,"YES, I HAVE A DISABILITY (or previously had a disability)",26,NaN
14,Full time,Administrative,Athletics - Football,NaN,,,,,,27,NaN
13,Full time,Administrative,Athletics - Football,NaN,,,,,,27,NaN
13,Full time,Administrative,Athletics - Football,NaN,,,,,"No, I Don't Have A Disability, Or A History/Record Of Having A Disability",27,NaN
13,Full time,Administrative,Athletics - Football,NaN,,,,,,27,NaN
13,Full time,Administrative,Athletics - Football,NaN,,,,,"No, I Don't Have A Disability, Or A History/Record Of Having A Disability",27,NaN
12,Full time,Administrative,Athletics - Men's Basketball,NaN,,,,,,27,NaN
12,Full time,Administrative,Athletics - Men's Wrestling,NaN,,,,,,27,NaN
12,Full time,Administrative,Athletics - Men's Wrestling,NaN,,,,,,27,NaN
12,Full time,Administrative,Athletics - Men's Wrestling,NaN,,,,,,27,NaN
12,Full time,Administrative,Athletics - Track and Field,NaN,,,,,"No, I Don't Have A Disability, Or A History/Record Of Having A Disability",27,NaN
12,Full time,Administrative,Athletics - Track and Field,NaN,,,,,"No, I Don't Have A Disability, Or A History/Record Of Having A Disability",27,NaN
12,Full time,Administrative,Athletics - Women's Basketball,NaN,,,,,"YES, I HAVE A DISABILITY (or previously had a disability)",27,NaN
11,Full time,Administrative,Athletics - Women's Swimming and Diving,NaN,,,,,,27,NaN
11,Full time,Administrative,Athletics - Women's Swimming and Diving,NaN,,,,,"No, I Don't Have A Disability, Or A History/Record Of Having A Disability",27,NaN
10,Full time,Administrative,Athletics - Women's Volleyball,NaN,Yes,,,,"YES, I HAVE A DISABILITY (or previously had a disability)",28,NaN
10,Full time,Administrative,Athletics - Women's Volleyball,NaN,Yes,,,,"No, I Don't Have A Disability, Or A History/Record Of Having A Disability",28,NaN
10,Full time,Administrative,Behavioral and Social Sciences,NaN,,,,,"YES, I HAVE A DISABILITY (or previously had a disability)",28,NaN
10,Full time,Administrative,Behavioral and Social Sciences,NaN,,,,,"No, I Don't Have A Disability, Or A History/Record Of Having A Disability",28,NaN
10,Full time,Administrative,Behavioral and Social Sciences,NaN,,,,,,28,NaN
10,Full time,Administrative,Behavioral and Social Sciences,NaN,,,7 - Other Protected Veterans (United States of America),,,28,NaN
9,Full time,Administrative,Behavioral and Social Sciences,NaN,,,,,,28,NaN
9,Full time,Administrative,Behavioral and Social Sciences,NaN,,,,,,28,NaN
9,Full time,Administrative,Behavioral and Social Sciences,NaN,,,,,,28,NaN
9,Full time,Administrative,Behavioral and Social Sciences,NaN,,,,,"No, I Don't Have A Disability, Or A History/Record Of Having A Disability",28,NaN
9,Full time,Administrative,Behavioral and Social Sciences,NaN,,,7 - Other Protected Veterans (United States of America),,"No, I Don't Have A Disability, Or A History/Record Of Having A Disability",28,NaN
9,Full time,Administrative,Behavioral and Social Sciences,NaN,,,,,"No, I Don't Have A Disability, Or A History/Record Of Having A Disability",28,NaN
9,Full time,Administrative,Behavioral and Social Sciences,NaN,,,,,"No, I Don't Have A Disability, Or A History/Record Of Having A Disability",28,NaN
9,Full time,Administrative,Behavioral and Social Sciences,NaN,,,,,"No, I Don't Have A Disability, Or A History/Record Of Having A Disability",28,NaN
9,Full time,Administrative,Behavioral and Social Sciences,NaN,,,,,,29,NaN
9,Full time,Administrative,Behavioral and Social Sciences,NaN,,,,,,29,NaN
9,Full time,Administrative,Behavioral and Social Sciences,NaN,,,,,,29,NaN
9,Full time,Administrative,Behavioral and Social Sciences,NaN,,,,,,29,NaN
9,Full time,Administrative,Behavioral and Social Sciences,NaN,,,,,"No, I Don't Have A Disability, Or A History/Record Of Having A Disability",29,NaN
9,Full time,Administrative,Behavioral and Social Sciences,NaN,,,,,,29,NaN
9,Full time,Administrative,Bookstore,NaN,,,,,"YES, I HAVE A DISABILITY (or previously had a disability)",29,NaN
9,Full time,Administrative,Bookstore,NaN,Yes,,,,"No, I Don't Have A Disability, Or A History/Record Of Having A Disability",29,NaN
8,Full time,Administrative,Bookstore,NaN,,,,,"No, I Don't Have A Disability, Or A History/Record Of Having A Disability",29,NaN
8,Full time,Administrative,Bookstore,NaN,,,,,"No, I Don't Have A Disability, Or A History/Record Of Having A Disability",29,NaN
8,Full time,Administrative,Bookstore,NaN,,,,,"YES, I HAVE A DISABILITY (or previously had a disability)",29,NaN
8,Full time,Administrative,Bookstore,NaN,,,,,"No, I Don't Have A Disability, Or A History/Record Of Having A Disability",29,NaN
8,Full time,Administrative,Business Services - University Center,NaN,,,,,"No, I Don't Have A Disability, Or A History/Record Of Having A Disability",30,NaN
8,Full time,Administrative,Business Services - University Center,NaN,,,,,"No, I Don't Have A Disability, Or A History/Record Of Having A Disability",30,NaN
8,Full time,Administrative,Campus Operations and Construction,NaN,,I AM NOT A VETERAN,,"No, I do not have a disability and have not had one in the past","No, I Don't Have A Disability, Or A History/Record Of Having A Disability",30,NaN
8,Full time,Administrative,Campus Operations and Construction,NaN,,,,,"No, I Don't Have A Disability, Or A History/Record Of Having A Disability",30,NaN
7,Full time,Administrative,Campus Operations and Construction,NaN,,,,,"YES, I HAVE A DISABILITY (or previously had a disability)",30,NaN
7,Full time,Administrative,Campus Operations and Construction,NaN,,,,,,30,NaN
7,Full time,Administrative,Campus Operations and Construction,NaN,,,,,,30,NaN
7,Full time,Administrative,Campus Operations and Construction,NaN,,,,,,30,NaN
7,Full time,Administrative,Campus Operations and Construction,NaN,,,,,,30,NaN
7,Full time,Administrative,Campus Operations and Construction,NaN,,,,,,30,NaN
7,Full time,Administrative,Campus Operations and Construction,NaN,,,,,"No, I Don't Have A Disability, Or A History/Record Of Having A Disability",31,NaN
7,Full time,Administrative,Campus Operations and Construction,NaN,,,,,"No, I Don't Have A Disability, Or A History/Record Of Having A Disability",31,NaN
7,Full time,Administrative,Campus Recreation,NaN,,,,,"No, I Don't Have A Disability, Or A History/Record Of Having A Disability",31,NaN
7,Full time,Administrative,Campus Recreation,NaN,,,,,,31,NaN
6,Full time,Administrative,Campus Recreation,NaN,,,,,"YES, I HAVE A DISABILITY (or previously had a disability)",31,NaN
6,Full time,Administrative,Campus Recreation,NaN,,,,,"No, I Don't Have A Disability, Or A History/Record Of Having A Disability",31,NaN
6,Full time,Administrative,Campus Recreation - Club Sports,NaN,,,,,"No, I Don't Have A Disability, Or A History/Record Of Having A Disability",31,NaN
6,Full time,Administrative,Campus Recreation - Club Sports,NaN,,,,,"YES, I HAVE A DISABILITY (or previously had a disability)",31,NaN
6,Full time,Administrative,Campus Recreation - Mountain Sports,NaN,,I AM NOT A VETERAN,,"Yes, I have a disability, or have had one in the past","YES, I HAVE A DISABILITY (or previously had a disability)",31,NaN
6,Full time,Administrative,Campus Recreation - Mountain Sports,NaN,,,,,,31,NaN
6,Full time,Administrative,Campus Recreation - Mountain Sports,NaN,,,,,,32,NaN
6,Full time,Administrative,Campus Recreation - Mountain Sports,NaN,,,,,"YES, I HAVE A DISABILITY (or previously had a disability)",32,NaN
6,Full time,Administrative,Campus Recreation - Mountain Sports,NaN,,,,,,32,NaN
6,Full time,Administrative,Campus Recreation - Mountain Sports,NaN,,,,,"No, I Don't Have A Disability, Or A History/Record Of Having A Disability",32,NaN
6,Full time,Administrative,Campus Recreation - Mountain Sports,NaN,,,,,"No, I Don't Have A Disability, Or A History/Record Of Having A Disability",32,NaN
6,Full time,Administrative,Campus Recreation - Mountain Sports,NaN,,,,,"No, I Don't Have A Disability, Or A History/Record Of Having A Disability",32,NaN
6,Full time,Administrative,Campus Recreation - Mountain Sports,NaN,,,,,"No, I Don't Have A Disability, Or A History/Record Of Having A Disability",32,NaN
6,Full time,Administrative,Campus Recreation - Mountain Sports,NaN,,,,,,32,NaN
6,Full time,Administrative,Campus Recreation - Mountain Sports,NaN,,,,,"No, I Don't Have A Disability, Or A History/Record Of Having A Disability",32,NaN
6,Full time,Administrative,Campus Recreation - Mountain Sports,NaN,,,,,,32,NaN
6,Full time,Administrative,Campus Recreation - Mountain Sports,NaN,,,,,,32,NaN
6,Full time,Administrative,Campus Recreation - Mountaineer Field House,NaN,,,,,,32,NaN
6,Full time,Administrative,Campus Recreation - Mountaineer Field House,NaN,,,,,,33,NaN
6,Full time,Administrative,Campus Recreation - Mountaineer Field House,NaN,,,,,,33,NaN
6,Full time,Administrative,Campus Recreation - Wilderness Pursuits,NaN,,,,,,33,NaN
6,Full time,Administrative,Campus Recreation - Wilderness Pursuits,NaN,,,,,"No, I Don't Have A Disability, Or A History/Record Of Having A Disability",33,NaN
5,Full time,Administrative,Center for Learning and Innovation,NaN,,,,,"No, I Don't Have A Disability, Or A History/Record Of Having A Disability",33,NaN
5,Full time,Administrative,Center for Learning and Innovation,NaN,,,,,"No, I Don't Have A Disability, Or A History/Record Of Having A Disability",33,NaN
5,Full time,Administrative,Center for Learning and Innovation,NaN,,,,,"YES, I HAVE A DISABILITY (or previously had a disability)",34,NaN
5,Full time,Administrative,Center for Learning and Innovation,NaN,,,,,,34,NaN
5,Full time,Administrative,Center for Learning and Innovation,NaN,,,,,,34,NaN
5,Full time,Administrative,Center for Learning and Innovation,NaN,,,,,,34,NaN
5,Full time,Administrative,Center for Learning and Innovation,NaN,,,,,"No, I Don't Have A Disability, Or A History/Record Of Having A Disability",34,NaN
5,Full time,Administrative,Center for Learning and Innovation,NaN,,,7 - Other Protected Veterans (United States of America),,"No, I Don't Have A Disability, Or A History/Record Of Having A Disability",34,NaN
5,Full time,Administrative,Center for Learning and Innovation,NaN,,,,,"No, I Don't Have A Disability, Or A History/Record Of Having A Disability",34,NaN
5,Full time,Administrative,Center for Learning and Innovation,NaN,,,,,,34,NaN
5,Full time,Administrative,Center for Learning and Innovation,NaN,,,7 - Other Protected Veterans (United States of America),,,34,NaN
5,Full time,Administrative,Center for Learning and Innovation,NaN,,,,,"No, I Don't Have A Disability, Or A History/Record Of Having A Disability",34,NaN
5,Full time,Administrative,Center for Learning and Innovation,NaN,,,,,,34,NaN
5,Full time,Administrative,Center for Learning and Innovation,NaN,,,,,,34,NaN
5,Full time,Administrative,Clark School of Environment and Sustainability,NaN,Yes,,,,"YES, I HAVE A DISABILITY (or previously had a disability)",34,NaN
5,Full time,Administrative,Clark School of Environment and Sustainability,NaN,Yes,,,,,34,NaN
5,Full time,Administrative,Clark School of Environment and Sustainability,NaN,,,,,,35,NaN
4,Full time,Administrative,Clark School of Environment and Sustainability,NaN,,,,,,35,NaN
4,Full time,Administrative,Clark School of Environment and Sustainability,NaN,,,,,,35,NaN
4,Full time,Administrative,Clark School of Environment and Sustainability,NaN,,,,,"No, I Don't Have A Disability, Or A History/Record Of Having A Disability",35,NaN
4,Full time,Administrative,Clark School of Environment and Sustainability,NaN,Yes,,,,"YES, I HAVE A DISABILITY (or previously had a disability)",35,NaN
4,Full time,Administrative,Clark School of Environment and Sustainability,NaN,,,,,,36,NaN
4,Full time,Administrative,Clark School of Environment and Sustainability,NaN,,,,,,36,NaN
4,Full time,Administrative,Clark School of Environment and Sustainability,NaN,,,,,"No, I Don't Have A Disability, Or A History/Record Of Having A Disability",36,NaN
4,Full time,Administrative,Clark School of Environment and Sustainability,NaN,,,,,,36,NaN
4,Full time,Administrative,Clark School of Environment and Sustainability,NaN,,,,,"No, I Don't Have A Disability, Or A History/Record Of Having A Disability",36,NaN
4,Full time,Administrative,Clark School of Environment and Sustainability,NaN,,,,,"No, I Don't Have A Disability, Or A History/Record Of Having A Disability",36,NaN
4,Full time,Administrative,Clark School of Environment and Sustainability,NaN,,,,,"No, I Don't Have A Disability, Or A History/Record Of Having A Disability",36,NaN
4,Full time,Administrative,Clark School of Environment and Sustainability,NaN,,,,,,36,NaN
4,Full time,Administrative,Clark School of Environment and Sustainability,NaN,Yes,,,,,36,NaN
4,Full time,Administrative,Clark School of Environment and Sustainability,NaN,,,,,,37,NaN
4,Full time,Administrative,Clark School of Environment and Sustainability,NaN,,,,,,37,NaN
4,Full time,Administrative,Clark School of Environment and Sustainability,NaN,,,,,"No, I Don't Have A Disability, Or A History/Record Of Having A Disability",37,NaN
4,Full time,Administrative,Clark School of Environment and Sustainability,NaN,,,,,"No, I Don't Have A Disability, Or A History/Record Of Having A Disability",37,NaN
4,Full time,Administrative,Clark School of Environment and Sustainability,NaN,,,,,"No, I Don't Have A Disability, Or A History/Record Of Having A Disability",37,NaN
4,Full time,Administrative,Clark School of Environment and Sustainability,NaN,,,,,"No, I Don't Have A Disability, Or A History/Record Of Having A Disability",37,NaN
4,Full time,Administrative,Clark School of Environment and Sustainability,NaN,,,,,,37,NaN
4,Full time,Administrative,Clark School of Environment and Sustainability,NaN,,I AM NOT A VETERAN,,"No, I do not have a disability and have not had one in the past",,37,NaN
4,Full time,Administrative,Clark School of Environment and Sustainability,NaN,,,,,,37,NaN
4,Full time,Administrative,Clark School of Environment and Sustainability,NaN,,,,,"No, I Don't Have A Disability, Or A History/Record Of Having A Disability",37,NaN
4,Full time,Administrative,Clark School of Environment and Sustainability,NaN,,,,,,37,NaN
4,Full time,Administrative,Clark School of Environment and Sustainability,NaN,,,,,"No, I Don't Have A Disability, Or A History/Record Of Having A Disability",38,NaN
4,Full time,Administrative,"Communication Arts, Languages, and Literature",NaN,,,,,,38,NaN
4,Full time,Administrative,"Communication Arts, Languages, and Literature",NaN,,,,,,38,NaN
4,Full time,Administrative,"Communication Arts, Languages, and Literature",NaN,,,,,"No, I Don't Have A Disability, Or A History/Record Of Having A Disability",38,NaN
4,Full time,Administrative,"Communication Arts, Languages, and Literature",NaN,,,,,,38,NaN
4,Full time,Administrative,"Communication Arts, Languages, and Literature",NaN,,,,,"YES, I HAVE A DISABILITY (or previously had a disability)",38,NaN
4,Full time,Administrative,"Communication Arts, Languages, and Literature",NaN,,,,,,38,NaN
4,Full time,Administrative,"Communication Arts, Languages, and Literature",NaN,,,,,"No, I Don't Have A Disability, Or A History/Record Of Having A Disability",38,NaN
4,Full time,Administrative,"Communication Arts, Languages, and Literature",NaN,,,,,"No, I Don't Have A Disability, Or A History/Record Of Having A Disability",38,NaN
4,Full time,Administrative,"Communication Arts, Languages, and Literature",NaN,,,,,,39,NaN
4,Full time,Administrative,"Communication Arts, Languages, and Literature",NaN,,,,,"YES, I HAVE A DISABILITY (or previously had a disability)",39,NaN
4,Full time,Administrative,"Communication Arts, Languages, and Literature",NaN,,,,,"No, I Don't Have A Disability, Or A History/Record Of Having A Disability",39,NaN
4,Full time,Administrative,"Communication Arts, Languages, and Literature",NaN,Yes,,,,,39,NaN
4,Full time,Administrative,"Communication Arts, Languages, and Literature",NaN,,,,,"No, I Don't Have A Disability, Or A History/Record Of Having A Disability",39,NaN
4,Full time,Administrative,"Communication Arts, Languages, and Literature",NaN,,,,,"No, I Don't Have A Disability, Or A History/Record Of Having A Disability",39,NaN
4,Full time,Administrative,"Communication Arts, Languages, and Literature",NaN,,,,,,39,NaN
4,Full time,Administrative,"Communication Arts, Languages, and Literature",NaN,,,,,"No, I Don't Have A Disability, Or A History/Record Of Having A Disability",39,NaN
3,Full time,Administrative,"Communication Arts, Languages, and Literature",NaN,,,,,"No, I Don't Have A Disability, Or A History/Record Of Having A Disability",39,NaN
3,Full time,Administrative,"Communication Arts, Languages, and Literature",NaN,Yes,,,,"No, I Don't Have A Disability, Or A History/Record Of Having A Disability",39,NaN
3,Full time,Administrative,"Communication Arts, Languages, and Literature",NaN,,,,,"No, I Don't Have A Disability, Or A History/Record Of Having A Disability",39,NaN
3,Full time,Administrative,"Communication Arts, Languages, and Literature",NaN,,,,,"No, I Don't Have A Disability, Or A History/Record Of Having A Disability",39,NaN
3,Full time,Administrative,"Communication Arts, Languages, and Literature",NaN,,,,,"No, I Don't Have A Disability, Or A History/Record Of Having A Disability",39,NaN
3,Full time,Administrative,"Communication Arts, Languages, and Literature",NaN,,,,,"No, I Don't Have A Disability, Or A History/Record Of Having A Disability",40,NaN
3,Full time,Administrative,Computer Science and Mathematics,NaN,,,,,"No, I Don't Have A Disability, Or A History/Record Of Having A Disability",40,NaN
3,Full time,Administrative,Computer Science and Mathematics,NaN,,,,,"No, I Don't Have A Disability, Or A History/Record Of Having A Disability",40,NaN
3,Full time,Administrative,Computer Science and Mathematics,NaN,,,,,,40,NaN
3,Full time,Administrative,Computer Science and Mathematics,NaN,,,,,,40,NaN
3,Full time,Administrative,Computer Science and Mathematics,NaN,,,,,"No, I Don't Have A Disability, Or A History/Record Of Having A Disability",40,NaN
3,Full time,Administrative,Computer Science and Mathematics,NaN,,,,,"No, I Don't Have A Disability, Or A History/Record Of Having A Disability",40,NaN
3,Full time,Administrative,Computer Science and Mathematics,NaN,,,,,,40,NaN
3,Full time,Administrative,Computer Science and Mathematics,NaN,,,,,"No, I Don't Have A Disability, Or A History/Record Of Having A Disability",40,NaN
3,Full time,Administrative,Computer Science and Mathematics,NaN,,,,,"No, I Don't Have A Disability, Or A History/Record Of Having A Disability",40,NaN
3,Full time,Administrative,Computer Science and Mathematics,NaN,,,,,"No, I Don't Have A Disability, Or A History/Record Of Having A Disability",40,NaN
3,Full time,Administrative,Computer Science and Mathematics,NaN,,,,,"No, I Don't Have A Disability, Or A History/Record Of Having A Disability",40,NaN
3,Full time,Administrative,Computer Science and Mathematics,NaN,,,,,"YES, I HAVE A DISABILITY (or previously had a disability)",40,NaN
3,Full time,Administrative,Computer Science and Mathematics,NaN,Yes,I AM NOT A VETERAN,,"No, I Don't Have A Disability, Or A History/Record Of Having A Disability","No, I Don't Have A Disability, Or A History/Record Of Having A Disability",40,NaN
3,Full time,Administrative,Computer Science and Mathematics,NaN,,,,,"YES, I HAVE A DISABILITY (or previously had a disability)",40,NaN
3,Full time,Administrative,Computer Science and Mathematics,NaN,,,,,,41,NaN
3,Full time,Administrative,Concurrent Enrollment,NaN,,,,,"No, I Don't Have A Disability, Or A History/Record Of Having A Disability",41,NaN
3,Full time,Administrative,Concurrent Enrollment,NaN,,,,,,41,NaN
3,Full time,Administrative,Custodial Services,NaN,,,,,"No, I Don't Have A Disability, Or A History/Record Of Having A Disability",41,NaN
3,Full time,Administrative,Custodial Services,NaN,,I AM NOT A VETERAN,,"No, I do not have a disability and have not had one in the past","No, I Don't Have A Disability, Or A History/Record Of Having A Disability",41,NaN
3,Full time,Administrative,Custodial Services,NaN,,,,,"No, I Don't Have A Disability, Or A History/Record Of Having A Disability",41,NaN
3,Full time,Administrative,Custodial Services,NaN,,,,,"No, I Don't Have A Disability, Or A History/Record Of Having A Disability",41,NaN
3,Full time,Administrative,Custodial Services,NaN,,,,,"No, I Don't Have A Disability, Or A History/Record Of Having A Disability",41,NaN
2,Full time,Administrative,Custodial Services,NaN,,,,,"No, I Don't Have A Disability, Or A History/Record Of Having A Disability",41,NaN
2,Full time,Administrative,Custodial Services,NaN,,,,,,41,NaN
2,Full time,Administrative,Custodial Services,NaN,,,6 - Newly Separated Veterans (United States of America),,"No, I Don't Have A Disability, Or A History/Record Of Having A Disability",41,NaN
2,Full time,Administrative,Custodial Services,NaN,,,,,"No, I Don't Have A Disability, Or A History/Record Of Having A Disability",41,NaN
2,Full time,Administrative,Custodial Services,NaN,,,,,"YES, I HAVE A DISABILITY (or previously had a disability)",41,NaN
2,Full time,Administrative,Custodial Services,NaN,,,,,"YES, I HAVE A DISABILITY (or previously had a disability)",41,NaN
2,Full time,Classified,Custodial Services,NaN,,I AM NOT A VETERAN,,"No, I do not have a disability and have not had one in the past","YES, I HAVE A DISABILITY (or previously had a disability)",42,NaN
2,Full time,Classified,Custodial Services,NaN,Yes,,,,"No, I Don't Have A Disability, Or A History/Record Of Having A Disability",42,NaN
2,Full time,Classified,Custodial Services,NaN,,I AM NOT A VETERAN,,"No, I do not have a disability and have not had one in the past","No, I Don't Have A Disability, Or A History/Record Of Having A Disability",42,NaN
2,Full time,Classified,Custodial Services,NaN,,,,,"No, I Don't Have A Disability, Or A History/Record Of Having A Disability",42,NaN
2,Full time,Classified,Custodial Services,NaN,,,,,,42,NaN
2,Full time,Classified,Custodial Services,NaN,,I AM NOT A VETERAN,,"No, I do not have a disability and have not had one in the past","No, I Don't Have A Disability, Or A History/Record Of Having A Disability",42,NaN
2,Full time,Classified,Custodial Services,NaN,,,,,,42,NaN
2,Full time,Classified,Custodial Services,NaN,,,,,,42,NaN
2,Full time,Classified,Custodial Services,NaN,,,,,"No, I Don't Have A Disability, Or A History/Record Of Having A Disability",42,NaN
2,Full time,Classified,Custodial Services,NaN,,,,,"No, I Don't Have A Disability, Or A History/Record Of Having A Disability",42,NaN
2,Full time,Classified,Custodial Services,NaN,,,,,"No, I Don't Have A Disability, Or A History/Record Of Having A Disability",42,NaN
2,Full time,Classified,Custodial Services,NaN,,,,,"No, I Don't Have A Disability, Or A History/Record Of Having A Disability",42,NaN
2,Full time,Classified,Custodial Services,NaN,,,,,"No, I Don't Have A Disability, Or A History/Record Of Having A Disability",42,NaN
2,Full time,Classified,Education,NaN,,,,,,42,NaN
2,Full time,Classified,Education,NaN,,,,,"No, I Don't Have A Disability, Or A History/Record Of Having A Disability",42,NaN
2,Full time,Classified,Education,NaN,,,,,"No, I Don't Have A Disability, Or A History/Record Of Having A Disability",42,NaN
2,Full time,Classified,Education,NaN,,,,,,42,NaN
2,Full time,Classified,Education,NaN,,,,,"YES, I HAVE A DISABILITY (or previously had a disability)",42,NaN
2,Full time,Classified,Education,NaN,,,,,"No, I Don't Have A Disability, Or A History/Record Of Having A Disability",42,NaN
2,Full time,Classified,Education,NaN,,,,,"No, I Don't Have A Disability, Or A History/Record Of Having A Disability",42,NaN
2,Full time,Classified,Education,NaN,,,,,"No, I Don't Have A Disability, Or A History/Record Of Having A Disability",43,NaN
2,Full time,Classified,Education,NaN,,,,,"No, I Don't Have A Disability, Or A History/Record Of Having A Disability",43,NaN
2,Full time,Classified,Education,NaN,,,,,,43,NaN
2,Full time,Classified,Education,NaN,,,,,,43,NaN
2,Full time,Classified,Education,NaN,,I AM NOT A VETERAN,,"No, I Don't Have A Disability, Or A History/Record Of Having A Disability","No, I Don't Have A Disability, Or A History/Record Of Having A Disability",43,NaN
2,Full time,Classified,Education,NaN,,,,,"No, I Don't Have A Disability, Or A History/Record Of Having A Disability",43,NaN
2,Full time,Classified,Education,NaN,,,,,"No, I Don't Have A Disability, Or A History/Record Of Having A Disability",43,NaN
2,Full time,Classified,Education,NaN,,,,,,43,NaN
2,Full time,Classified,Education,NaN,,,,,"No, I Don't Have A Disability, Or A History/Record Of Having A Disability",43,NaN
2,Full time,Classified,Education,NaN,,,,,"No, I Don't Have A Disability, Or A History/Record Of Having A Disability",43,NaN
2,Full time,Classified,Education,NaN,,,,,"No, I Don't Have A Disability, Or A History/Record Of Having A Disability",43,NaN
2,Full time,Classified,Education,NaN,,,,,,43,NaN
2,Full time,Classified,Education,NaN,,,,,,43,NaN
2,Full time,Classified,Education,NaN,,,,,"No, I Don't Have A Disability, Or A History/Record Of Having A Disability",43,NaN
2,Full time,Classified,Education,NaN,,,,,,44,NaN
2,Full time,Classified,Education,NaN,,,,,,44,NaN
2,Full time,Classified,Education,NaN,,,,,"No, I Don't Have A Disability, Or A History/Record Of Having A Disability",44,NaN
2,Full time,Classified,Education,NaN,,,,,,44,NaN
2,Full time,Classified,Education,NaN,,,,,,44,NaN
2,Full time,Classified,Education,NaN,,,,,,44,NaN
2,Full time,Classified,Education,NaN,,,,,,44,NaN
2,Full time,Classified,Education,NaN,,,,,"No, I Don't Have A Disability, Or A History/Record Of Having A Disability",44,NaN
2,Full time,Classified,Education,NaN,,,,,"No, I Don't Have A Disability, Or A History/Record Of Having A Disability",44,NaN
2,Full time,Classified,Education,NaN,,,,,"No, I Don't Have A Disability, Or A History/Record Of Having A Disability",44,NaN
2,Full time,Classified,Education,NaN,,,,,,44,NaN
2,Full time,Classified,Education,NaN,,,,,,44,NaN
2,Full time,Classified,Education,NaN,Yes,,,,"No, I Don't Have A Disability, Or A History/Record Of Having A Disability",44,NaN
2,Full time,Classified,Education,NaN,Yes,,,,"No, I Don't Have A Disability, Or A History/Record Of Having A Disability",44,NaN
2,Full time,Classified,Education,NaN,,,,,,45,NaN
2,Full time,Classified,Education,NaN,,,,,"No, I Don't Have A Disability, Or A History/Record Of Having A Disability",45,NaN
2,Full time,Classified,Education,NaN,,,,,,45,NaN
2,Full time,Classified,Education,NaN,Yes,,,,,45,NaN
2,Full time,Classified,Education,NaN,,,,,"No, I Don't Have A Disability, Or A History/Record Of Having A Disability",45,NaN
2,Full time,Classified,Education,NaN,,,,,,45,NaN
2,Full time,Classified,Education,NaN,,,,,"No, I Don't Have A Disability, Or A History/Record Of Having A Disability",45,NaN
2,Full time,Faculty,Education,NaN,,,,,"No, I Don't Have A Disability, Or A History/Record Of Having A Disability",45,NaN
2,Full time,Faculty,Education,NaN,,,,,"No, I Don't Have A Disability, Or A History/Record Of Having A Disability",45,NaN
2,Full time,Faculty,Education,NaN,,,,,"No, I Don't Have A Disability, Or A History/Record Of Having A Disability",45,NaN
2,Full time,Faculty,Education,NaN,,I AM NOT A VETERAN,,"No, I do not have a disability and have not had one in the past",,45,NaN
2,Full time,Faculty,Education,NaN,,,,,"No, I Don't Have A Disability, Or A History/Record Of Having A Disability",45,NaN
2,Full time,Faculty,Education,NaN,,,,,"No, I Don't Have A Disability, Or A History/Record Of Having A Disability",45,NaN
2,Full time,Faculty,Education,NaN,Yes,,,,"No, I Don't Have A Disability, Or A History/Record Of Having A Disability",46,NaN
1,Full time,Faculty,Education,NaN,,,,,"No, I Don't Have A Disability, Or A History/Record Of Having A Disability",46,NaN
1,Full time,Faculty,Education,NaN,,,,,"No, I Don't Have A Disability, Or A History/Record Of Having A Disability",46,NaN
1,Full time,Faculty,Education,NaN,,,,,"No, I Don't Have A Disability, Or A History/Record Of Having A Disability",46,NaN
1,Full time,Faculty,Education,NaN,,,,,"No, I Don't Have A Disability, Or A History/Record Of Having A Disability",46,NaN
1,Full time,Faculty,Education,NaN,Yes,,,"Yes, I have a disability, or have had one in the past","No, I Don't Have A Disability, Or A History/Record Of Having A Disability",46,NaN
1,Full time,Faculty,Education,NaN,,,,,,46,NaN
1,Full time,Faculty,Education,NaN,,,,,"No, I Don't Have A Disability, Or A History/Record Of Having A Disability",46,NaN
1,Full time,Faculty,Education,NaN,,,,,"No, I Don't Have A Disability, Or A History/Record Of Having A Disability",46,NaN
1,Full time,Faculty,Education,NaN,,,,,"No, I Don't Have A Disability, Or A History/Record Of Having A Disability",46,NaN
1,Full time,Faculty,Education,NaN,,I AM NOT A VETERAN,,"No, I Don't Have A Disability, Or A History/Record Of Having A Disability","No, I Don't Have A Disability, Or A History/Record Of Having A Disability",46,NaN
1,Full time,Faculty,Education,NaN,,,,,"No, I Don't Have A Disability, Or A History/Record Of Having A Disability",46,NaN
1,Full time,Faculty,Education,NaN,,,,,"No, I Don't Have A Disability, Or A History/Record Of Having A Disability",46,NaN
1,Full time,Faculty,Education,NaN,,,,,"No, I Don't Have A Disability, Or A History/Record Of Having A Disability",46,NaN
1,Full time,Faculty,Education,NaN,,,,,"No, I Don't Have A Disability, Or A History/Record Of Having A Disability",46,NaN
1,Full time,Faculty,Education,NaN,Yes,,,,"No, I Don't Have A Disability, Or A History/Record Of Having A Disability",46,NaN
1,Full time,Faculty,Education,NaN,Yes,,,,"No, I Don't Have A Disability, Or A History/Record Of Having A Disability",47,NaN
1,Full time,Faculty,Education,NaN,,,,,,47,NaN
1,Full time,Faculty,Education,NaN,,,,,"No, I Don't Have A Disability, Or A History/Record Of Having A Disability",47,NaN
1,Full time,Faculty,Finance and Administration,NaN,Yes,,,,"No, I Don't Have A Disability, Or A History/Record Of Having A Disability",47,NaN
1,Full time,Faculty,Finance and Administration,NaN,,,,,,47,NaN
1,Full time,Faculty,Finance and Administration,NaN,,I AM NOT A VETERAN,,"Yes, I have a disability, or have had one in the past","No, I Don't Have A Disability, Or A History/Record Of Having A Disability",47,NaN
1,Full time,Faculty,Finance and Administration,NaN,,,,,"No, I Don't Have A Disability, Or A History/Record Of Having A Disability",47,NaN
1,Full time,Faculty,Finance and Administration,NaN,Yes,,,,"No, I Don't Have A Disability, Or A History/Record Of Having A Disability",47,NaN
1,Full time,Faculty,Finance and Administration,NaN,,,,,"No, I Don't Have A Disability, Or A History/Record Of Having A Disability",47,NaN
1,Full time,Faculty,Financial Aid,NaN,,,,,"No, I Don't Have A Disability, Or A History/Record Of Having A Disability",47,NaN
1,Full time,Faculty,Financial Aid,NaN,,,,,"No, I Don't Have A Disability, Or A History/Record Of Having A Disability",47,NaN
1,Full time,Faculty,Financial Aid,NaN,Yes,,,,"No, I Don't Have A Disability, Or A History/Record Of Having A Disability",47,NaN
1,Full time,Faculty,Financial Aid - Student Accounts,NaN,,,,,"No, I Don't Have A Disability, Or A History/Record Of Having A Disability",47,NaN
1,Full time,Faculty,Graduate Program in Creative Writing,NaN,,,,,"No, I Don't Have A Disability, Or A History/Record Of Having A Disability",48,NaN
1,Full time,Faculty,Graduate Program in Creative Writing,NaN,Yes,,,,,48,NaN
1,Full time,Faculty,Graduate Program in Creative Writing,NaN,,,,,"No, I Don't Have A Disability, Or A History/Record Of Having A Disability",48,NaN
1,Full time,Faculty,Graduate Program in Creative Writing,NaN,,,,,"No, I Don't Have A Disability, Or A History/Record Of Having A Disability",48,NaN
1,Full time,Faculty,Graduate Program in Creative Writing,NaN,,,,,"No, I Don't Have A Disability, Or A History/Record Of Having A Disability",48,NaN
1,Full time,Faculty,Graduate Program in Creative Writing,NaN,Yes,,,,"YES, I HAVE A DISABILITY (or previously had a disability)",48,NaN
1,Full time,Faculty,Graduate Program in Creative Writing,NaN,,,,,,48,NaN
1,Full time,Faculty,Graduate Program in Creative Writing,NaN,,,,,"No, I Don't Have A Disability, Or A History/Record Of Having A Disability",48,NaN
1,Full time,Faculty,Graduate Program in Creative Writing,NaN,,,,,"YES, I HAVE A DISABILITY (or previously had a disability)",48,NaN
1,Full time,Faculty,Graduate Program in Creative Writing,NaN,Yes,I AM NOT A VETERAN,,"No, I do not have a disability and have not had one in the past",,48,NaN
1,Full time,Faculty,Graduate Program in Creative Writing,NaN,,,,,,48,NaN
1,Full time,Faculty,Graduate Program in Creative Writing,NaN,,,,,"No, I Don't Have A Disability, Or A History/Record Of Having A Disability",48,NaN
1,Full time,Faculty,Graduate Program in Creative Writing,NaN,,,,,"No, I Don't Have A Disability, Or A History/Record Of Having A Disability",48,NaN
1,Full time,Faculty,Graduate Program in Creative Writing,NaN,,,,,,49,NaN
1,Full time,Faculty,Graduate Program in Creative Writing,NaN,,,,,,49,NaN
1,Full time,Faculty,Graduate Program in Creative Writing,NaN,,,,,"No, I Don't Have A Disability, Or A History/Record Of Having A Disability",49,NaN
1,Full time,Faculty,Graduate Program in Creative Writing,NaN,,,,,"No, I Don't Have A Disability, Or A History/Record Of Having A Disability",49,NaN
1,Full time,Faculty,Graduate Program in Creative Writing,NaN,,,,,"No, I Don't Have A Disability, Or A History/Record Of Having A Disability",49,NaN
1,Full time,Faculty,Graduate Program in Creative Writing,NaN,,,,,"YES, I HAVE A DISABILITY (or previously had a disability)",49,NaN
1,Full time,Faculty,Graduate Program in Creative Writing,NaN,,,,,"No, I Don't Have A Disability, Or A History/Record Of Having A Disability",49,NaN
1,Full time,Faculty,Graduate Program in Creative Writing,NaN,,,,,,49,NaN
1,Full time,Faculty,Graduate Program in Creative Writing,NaN,,,,,"No, I Don't Have A Disability, Or A History/Record Of Having A Disability",49,NaN
1,Full time,Faculty,Graduate Program in Creative Writing,NaN,,,,,"No, I Don't Have A Disability, Or A History/Record Of Having A Disability",49,NaN
1,Full time,Faculty,Graduate Program in Creative Writing,NaN,,,,,,49,NaN
1,Full time,Faculty,Graduate Program in Creative Writing,NaN,Yes,,,,"No, I Don't Have A Disability, Or A History/Record Of Having A Disability",49,NaN
1,Full time,Faculty,Graduate Program in Creative Writing,NaN,,,,,"No, I Don't Have A Disability, Or A History/Record Of Having A Disability",49,NaN
1,Full time,Faculty,Graduate Program in Creative Writing,NaN,,,,,"No, I Don't Have A Disability, Or A History/Record Of Having A Disability",50,NaN
1,Full time,Faculty,Graduate Program in Creative Writing,NaN,,,,,"No, I Don't Have A Disability, Or A History/Record Of Having A Disability",50,NaN
1,Full time,Faculty,Graduate Program in Creative Writing,NaN,Yes,,,,,50,NaN
1,Full time,Faculty,Graduate Program in Creative Writing,NaN,,,,,,50,NaN
1,Full time,Faculty,Graduate Studies,NaN,,,,,"No, I Don't Have A Disability, Or A History/Record Of Having A Disability",50,NaN
1,Full time,Faculty,Graduate Studies,NaN,,,,,,50,NaN
1,Full time,Faculty,Grants Supervisory,NaN,,,,,,50,NaN
1,Full time,Faculty,Grounds Maintenance,NaN,,I AM NOT A VETERAN,,"No, I do not have a disability and have not had one in the past","No, I Don't Have A Disability, Or A History/Record Of Having A Disability",50,NaN
1,Full time,Faculty,Grounds Maintenance,NaN,,,,,"No, I Don't Have A Disability, Or A History/Record Of Having A Disability",50,NaN
1,Full time,Faculty,Grounds Maintenance,NaN,,,,,,50,NaN
1,Full time,Faculty,Grounds Maintenance,NaN,,,,,"No, I Don't Have A Disability, Or A History/Record Of Having A Disability",50,NaN
1,Full time,Faculty,Human Resources,NaN,,,,,"No, I Don't Have A Disability, Or A History/Record Of Having A Disability",50,NaN
1,Full time,Faculty,Human Resources,NaN,,,,,"No, I Don't Have A Disability, Or A History/Record Of Having A Disability",50,NaN
1,Full time,Faculty,Human Resources,NaN,,,,,"No, I Don't Have A Disability, Or A History/Record Of Having A Disability",50,NaN
1,Full time,Faculty,Human Resources,NaN,,,,,"No, I Don't Have A Disability, Or A History/Record Of Having A Disability",50,NaN
1,Full time,Faculty,Information Technology Services,NaN,,,,,"No, I Don't Have A Disability, Or A History/Record Of Having A Disability",50,NaN
1,Full time,Faculty,Information Technology Services,NaN,Yes,,,,"No, I Don't Have A Disability, Or A History/Record Of Having A Disability",51,NaN
1,Full time,Faculty,Information Technology Services,NaN,,,,,"No, I Don't Have A Disability, Or A History/Record Of Having A Disability",51,NaN
1,Full time,Faculty,Information Technology Services,NaN,,,,,"No, I Don't Have A Disability, Or A History/Record Of Having A Disability",51,NaN
1,Full time,Faculty,Information Technology Services,NaN,,I AM NOT A VETERAN,,"No, I Don't Have A Disability, Or A History/Record Of Having A Disability","No, I Don't Have A Disability, Or A History/Record Of Having A Disability",51,NaN
1,Full time,Faculty,Information Technology Services,NaN,,I AM NOT A VETERAN,,"No, I do not have a disability and have not had one in the past",,51,NaN
1,Full time,Faculty,Information Technology Services,NaN,,I AM NOT A VETERAN,,"No, I Don't Have A Disability, Or A History/Record Of Having A Disability",,51,NaN
1,Full time,Faculty,Information Technology Services,NaN,,I AM NOT A VETERAN,,"No, I do not have a disability and have not had one in the past",,51,NaN
1,Full time,Faculty,Institutional Research,NaN,,,,,,51,NaN
1,Full time,Faculty,IT Services - Audio Visual Services,NaN,,I AM NOT A VETERAN,,"Yes, I have a disability, or have had one in the past",,51,NaN
1,Full time,Faculty,IT Services - Enterprise Information Systems,NaN,,I AM NOT A VETERAN,,"No, I do not have a disability and have not had one in the past",,51,NaN
1,Full time,Faculty,IT Services - Enterprise Information Systems,NaN,,,,,"No, I Don't Have A Disability, Or A History/Record Of Having A Disability",51,NaN
1,Part time,Faculty,IT Services - Enterprise Information Systems,NaN,,,,,,51,NaN
1,Part time,Faculty,IT Services - Enterprise Information Systems,NaN,,,,,"No, I Don't Have A Disability, Or A History/Record Of Having A Disability",51,NaN
1,Part time,Faculty,IT Services - Enterprise Information Systems,NaN,,,,,"No, I Don't Have A Disability, Or A History/Record Of Having A Disability",51,NaN
1,Part time,Faculty,IT Services - Enterprise Information Systems,NaN,,,,,,51,NaN
1,Part time,Faculty,IT Services - Enterprise Information Systems,NaN,,,,,,52,NaN
1,Part time,Faculty,IT Services - Front Line Support,NaN,,,,,,52,NaN
1,Part time,Faculty,IT Services - Front Line Support,NaN,Yes,,,,,52,NaN
1,Part time,Faculty,IT Services - Front Line Support,NaN,,,,,,52,NaN
1,Part time,Faculty,IT Services - Networking,NaN,,,,,,52,NaN
1,Part time,Faculty,IT Services - Systems,NaN,,,,,,52,NaN
1,Part time,Faculty,IT Services - Systems,NaN,,,,,,52,NaN
1,Part time,Faculty,IT Services - Web Services,NaN,,,,,,52,NaN
1,Part time,Faculty,IT Services - Web Services,NaN,Yes,,,,,52,NaN
1,Part time,Faculty,Library Services,NaN,,,,,,52,NaN
1,Part time,Faculty,Library Services,NaN,,,,,,52,NaN
1,Part time,Faculty,Library Services,NaN,,,,,,52,NaN
1,Part time,Faculty,Library Services,NaN,,,,,,53,NaN
1,Part time,Faculty,Library Services,NaN,,,,,,53,NaN
1,Part time,Faculty,Library Services,NaN,,I AM NOT A VETERAN,,"No, I Don't Have A Disability, Or A History/Record Of Having A Disability",,53,NaN
1,Part time,Faculty,Marketing,NaN,,I AM NOT A VETERAN,,"No, I Don't Have A Disability, Or A History/Record Of Having A Disability",,53,NaN
1,Part time,Faculty,Marketing,NaN,,I AM NOT A VETERAN,,"Yes, I Have A Disability, Or Have A History/Record Of Having A Disability",,53,NaN
1,Part time,Faculty,Marketing,NaN,,,,,,53,NaN
1,Part time,Faculty,Marketing,NaN,,I AM NOT A VETERAN,,"No, I Don't Have A Disability, Or A History/Record Of Having A Disability",,53,NaN
1,Part time,Faculty,Marketing,NaN,,,,,,53,NaN
1,Part time,Faculty,Marketing and Enrollment,NaN,,,,,,53,NaN
1,Part time,Faculty,Marketing and Enrollment,NaN,,,,,,53,NaN
1,Part time,Faculty,Marketing and Enrollment,NaN,,I AM NOT A VETERAN,,"No, I Don't Have A Disability, Or A History/Record Of Having A Disability",,53,NaN
0,Part time,Faculty,Marketing and Enrollment,NaN,,I AM NOT A VETERAN,,"No, I Don't Have A Disability, Or A History/Record Of Having A Disability",,53,NaN
0,Part time,Faculty,Marketing and Enrollment,NaN,,I AM NOT A VETERAN,,"No, I Don't Have A Disability, Or A History/Record Of Having A Disability",,53,NaN
0,Part time,Faculty,Marketing and Enrollment,NaN,,I AM NOT A VETERAN,,I Don't Wish To Answer,,54,NaN
0,Part time,Faculty,Master of Behavioral Science,NaN,,I AM NOT A VETERAN,,"Yes, I Have A Disability, Or Have A History/Record Of Having A Disability",,54,NaN
0,Part time,Faculty,Master of Behavioral Science,NaN,,I AM NOT A VETERAN,,"No, I Don't Have A Disability, Or A History/Record Of Having A Disability",,54,NaN
0,Part time,Faculty,Masters in Gallery Management,NaN,,I AM NOT A VETERAN,,"No, I Don't Have A Disability, Or A History/Record Of Having A Disability",,54,NaN
0,Part time,Faculty,Masters in Gallery Management,NaN,,I AM NOT A VETERAN,,"No, I do not have a disability and have not had one in the past",,54,NaN
0,Part time,Faculty,Multicultural Affairs,NaN,,I DO NOT WISH TO SELF-IDENTIFY,,I Don't Wish To Answer,,54,NaN
0,Part time,Faculty,Music,NaN,,I AM NOT A VETERAN,,"No, I Don't Have A Disability, Or A History/Record Of Having A Disability",,54,NaN
0,Part time,Faculty,Music,NaN,,I AM NOT A VETERAN,,"No, I Don't Have A Disability, Or A History/Record Of Having A Disability",,54,NaN
0,Part time,Faculty,Music,NaN,,I AM NOT A VETERAN,,"No, I Don't Have A Disability, Or A History/Record Of Having A Disability",,54,NaN
0,Part time,Faculty,Music,NaN,,,,,,54,NaN
0,Part time,Faculty,Music,NaN,,,,,,54,NaN
0,Part time,Faculty,Music,NaN,,I AM NOT A VETERAN,,"No, I Don't Have A Disability, Or A History/Record Of Having A Disability",,54,NaN
0,Part time,Faculty,Music,NaN,,I AM NOT A VETERAN,,"Yes, I Have A Disability, Or Have A History/Record Of Having A Disability",,54,NaN
0,Part time,Faculty,Natural and Environmental Sciences,NaN,,I AM NOT A VETERAN,,"No, I Don't Have A Disability, Or A History/Record Of Having A Disability",,55,NaN
0,Part time,Faculty,Natural and Environmental Sciences,NaN,,I AM NOT A VETERAN,,"No, I do not have a disability and have not had one in the past",,55,NaN
0,Part time,Faculty,Natural and Environmental Sciences,NaN,,I AM NOT A VETERAN,,"No, I Don't Have A Disability, Or A History/Record Of Having A Disability",,55,NaN
0,Part time,Faculty,Natural and Environmental Sciences,NaN,,I AM NOT A VETERAN,,"No, I Don't Have A Disability, Or A History/Record Of Having A Disability",,55,NaN
0,Part time,Faculty,Natural and Environmental Sciences,NaN,,I AM NOT A VETERAN,,"No, I Don't Have A Disability, Or A History/Record Of Having A Disability",,55,NaN
0,Part time,Faculty,Natural and Environmental Sciences,NaN,,I AM NOT A VETERAN,,"No, I Don't Have A Disability, Or A History/Record Of Having A Disability",,55,NaN
0,Part time,Faculty,Natural and Environmental Sciences,NaN,,I AM NOT A VETERAN,,"No, I do not have a disability and have not had one in the past",,55,NaN
0,Part time,Faculty,Natural and Environmental Sciences,NaN,,I AM NOT A VETERAN,,"No, I Don't Have A Disability, Or A History/Record Of Having A Disability",,55,NaN
0,Part time,Faculty,Natural and Environmental Sciences,NaN,,I AM NOT A VETERAN,,"No, I Don't Have A Disability, Or A History/Record Of Having A Disability",,55,NaN
0,Part time,Faculty,Natural and Environmental Sciences,NaN,,I AM NOT A VETERAN,,"No, I Don't Have A Disability, Or A History/Record Of Having A Disability",,55,NaN
0,Part time,Faculty,Natural and Environmental Sciences,NaN,,I AM NOT A VETERAN,,I Don't Wish To Answer,,55,NaN
0,Part time,Faculty,Natural and Environmental Sciences,NaN,,I AM NOT A VETERAN,,I Don't Wish To Answer,,55,NaN
0,Part time,Faculty,Natural and Environmental Sciences,NaN,,I AM NOT A VETERAN,,"No, I Don't Have A Disability, Or A History/Record Of Having A Disability",,56,NaN
0,Part time,Faculty,Natural and Environmental Sciences,NaN,,I AM NOT A VETERAN,,"No, I Don't Have A Disability, Or A History/Record Of Having A Disability",,56,NaN
0,Part time,Faculty,Natural and Environmental Sciences,NaN,,I AM NOT A VETERAN,,"No, I do not have a disability and have not had one in the past",,56,NaN
0,Part time,Faculty,Natural and Environmental Sciences,NaN,,,,,,56,NaN
0,Part time,Faculty,Natural and Environmental Sciences,NaN,,,,,,56,NaN
0,Part time,Faculty,Natural and Environmental Sciences,NaN,,I AM NOT A VETERAN,,"No, I Don't Have A Disability, Or A History/Record Of Having A Disability",,56,NaN
0,Part time,Faculty,Natural and Environmental Sciences,NaN,,I AM NOT A VETERAN,,"No, I Don't Have A Disability, Or A History/Record Of Having A Disability",,56,NaN
0,Part time,Faculty,Natural and Environmental Sciences,NaN,Yes,I AM NOT A VETERAN,,"No, I Don't Have A Disability, Or A History/Record Of Having A Disability",,56,NaN
0,Part time,Faculty,Natural and Environmental Sciences,NaN,,I AM NOT A VETERAN,,I Don't Wish To Answer,,56,NaN
0,Part time,Faculty,Natural and Environmental Sciences,NaN,,I AM NOT A VETERAN,,"No, I Don't Have A Disability, Or A History/Record Of Having A Disability",,56,NaN
0,Part time,Faculty,Natural and Environmental Sciences,NaN,,,,,,56,NaN
0,Part time,Faculty,Natural and Environmental Sciences,NaN,,I AM NOT A VETERAN,,I Don't Wish To Answer,,56,NaN
0,Part time,Faculty,Natural and Environmental Sciences,NaN,Yes,I AM NOT A VETERAN,,"No, I Don't Have A Disability, Or A History/Record Of Having A Disability",,56,NaN
0,Part time,Faculty,Natural and Environmental Sciences,NaN,,I AM NOT A VETERAN,,"No, I Don't Have A Disability, Or A History/Record Of Having A Disability",,57,NaN
0,Part time,Faculty,Natural and Environmental Sciences,NaN,,I AM NOT A VETERAN,,"No, I Don't Have A Disability, Or A History/Record Of Having A Disability",,57,NaN
0,Part time,Faculty,Office of Inclusivity,NaN,,I AM NOT A VETERAN,,"No, I Don't Have A Disability, Or A History/Record Of Having A Disability",,57,NaN
0,Part time,Faculty,Office of Inclusivity,NaN,,I AM NOT A VETERAN,,"No, I Don't Have A Disability, Or A History/Record Of Having A Disability",,57,NaN
0,Part time,Faculty Adjunct,Office of Inclusivity,NaN,,I AM NOT A VETERAN,,"No, I Don't Have A Disability, Or A History/Record Of Having A Disability",,57,NaN
0,Part time,Faculty Adjunct,Office of Inclusivity,NaN,,,,,,58,NaN
0,Part time,Faculty Adjunct,Office of the President,NaN,,I AM NOT A VETERAN,,"Yes, I have a disability, or have had one in the past",,58,NaN
0,Part time,Faculty Adjunct,Office of the President,NaN,,I AM NOT A VETERAN,,"No, I Don't Have A Disability, Or A History/Record Of Having A Disability",,58,NaN
0,Part time,Faculty Adjunct,Office of the President,NaN,,I AM NOT A VETERAN,,"No, I Don't Have A Disability, Or A History/Record Of Having A Disability",,58,NaN
0,Part time,Faculty Adjunct,Office of the President,NaN,,I AM NOT A VETERAN,,"Yes, I Have A Disability, Or Have A History/Record Of Having A Disability",,58,NaN
0,Part time,Faculty Adjunct,Office of the President,NaN,,I AM NOT A VETERAN,,"No, I Don't Have A Disability, Or A History/Record Of Having A Disability",,58,NaN
0,Part time,Faculty Adjunct,Office of the President,NaN,,I AM NOT A VETERAN,,"No, I Don't Have A Disability, Or A History/Record Of Having A Disability",,58,NaN
0,Part time,Faculty Adjunct,Office of the President,NaN,,I AM NOT A VETERAN,,"No, I Don't Have A Disability, Or A History/Record Of Having A Disability",,59,NaN
0,Part time,Faculty Adjunct,Office of the President,NaN,,I AM NOT A VETERAN,,I do not want to answer,,59,NaN
0,Part time,Faculty Adjunct,Office of the Provost,NaN,,I AM NOT A VETERAN,,"No, I Don't Have A Disability, Or A History/Record Of Having A Disability",,59,NaN
0,Part time,Faculty Adjunct,Office of the Provost,NaN,,I AM NOT A VETERAN,,"No, I Don't Have A Disability, Or A History/Record Of Having A Disability",,59,NaN
0,Part time,Faculty Adjunct,Office of the Provost,NaN,,I AM NOT A VETERAN,,"No, I do not have a disability and have not had one in the past",,59,NaN
0,Part time,Faculty Adjunct,Office of the Provost,NaN,,IDENTIFY AS ONE OR MORE OF THE CLASSIFICATIONS OF PROTECTED VETERANS,,"Yes, I have a disability, or have had one in the past",,59,NaN
0,Part time,Faculty Adjunct,Office of the Provost,NaN,,I AM NOT A VETERAN,,I Don't Wish To Answer,,59,NaN
0,Part time,Faculty Adjunct,Office of the Provost,NaN,,I AM NOT A VETERAN,,"Yes, I Have A Disability, Or Have A History/Record Of Having A Disability",,59,NaN
0,Part time,Faculty Adjunct,Office of the Provost,NaN,,I AM NOT A VETERAN,,"No, I do not have a disability and have not had one in the past",,59,NaN
0,Part time,Faculty Adjunct,Office of the Provost,NaN,,I AM NOT A VETERAN,,"No, I do not have a disability and have not had one in the past",,59,NaN
0,Part time,Faculty Adjunct,Office of the Provost,NaN,,I AM NOT A VETERAN,,"No, I do not have a disability and have not had one in the past",,59,NaN
0,Part time,Faculty Adjunct,Office of the Provost,NaN,,I AM NOT A VETERAN,,"No, I do not have a disability and have not had one in the past",,59,NaN
0,Part time,Faculty Adjunct,Office of the Provost,NaN,,,,,,60,NaN
0,Part time,Faculty Adjunct,Office of the Provost,NaN,,,,,,60,NaN
0,Part time,Faculty Adjunct,Office of the Provost,NaN,,,,,,60,NaN
0,Part time,Faculty Adjunct,Office of the Provost,NaN,,I AM NOT A VETERAN,,"No, I do not have a disability and have not had one in the past",,60,NaN
0,Part time,Faculty Adjunct,Office of the Provost,NaN,,I AM NOT A VETERAN,,"No, I do not have a disability and have not had one in the past",,60,NaN
0,Part time,Faculty Adjunct,Office of the Provost,NaN,,I AM NOT A VETERAN,,"No, I do not have a disability and have not had one in the past",,60,NaN
0,Part time,Faculty Adjunct,Office of the Provost,NaN,,I AM NOT A VETERAN,,I do not want to answer,,60,NaN
0,Part time,Faculty Adjunct,Office of the Provost,NaN,,I AM NOT A VETERAN,,"No, I do not have a disability and have not had one in the past",,60,NaN
0,Part time,Faculty Adjunct,Office of the Provost,NaN,,I AM NOT A VETERAN,,"No, I do not have a disability and have not had one in the past",,60,NaN
0,Part time,Faculty Adjunct,Office of the Provost,NaN,,I AM NOT A VETERAN,,"No, I do not have a disability and have not had one in the past",,60,NaN
0,Part time,Faculty Adjunct,Outdoor Industry MBA Program,NaN,,I AM NOT A VETERAN,,"No, I do not have a disability and have not had one in the past",,60,NaN
0,Part time,Faculty Adjunct,Outdoor Industry MBA Program,NaN,,"IDENTIFY AS A VETERAN, JUST NOT A PROTECTED VETERAN",,"No, I do not have a disability and have not had one in the past",,60,NaN
0,Part time,Faculty Adjunct,Outdoor Industry MBA Program,NaN,,I AM NOT A VETERAN,,"No, I do not have a disability and have not had one in the past",,60,NaN
0,Part time,Faculty Adjunct,Outdoor Industry MBA Program,NaN,,I AM NOT A VETERAN,,"No, I do not have a disability and have not had one in the past",,60,NaN
0,Part time,Faculty Adjunct,Outdoor Industry MBA Program,NaN,,I AM NOT A VETERAN,,"No, I do not have a disability and have not had one in the past",,60,NaN
0,Part time,Faculty Adjunct,Outdoor Industry MBA Program,NaN,,I AM NOT A VETERAN,,"Yes, I have a disability, or have had one in the past",,61,NaN
0,Part time,Faculty Adjunct,Procurement and Contracts,NaN,,I AM NOT A VETERAN,,"Yes, I have a disability, or have had one in the past",,61,NaN
0,Part time,Faculty Adjunct,Rady School of Computer Science and Engineering,NaN,,I AM NOT A VETERAN,,"No, I do not have a disability and have not had one in the past",,61,NaN
0,Part time,Faculty Adjunct,Rady School of Computer Science and Engineering,NaN,,,,,,61,NaN
0,Part time,Faculty Adjunct,Rady School of Computer Science and Engineering,NaN,,,,,,61,NaN
0,Part time,Faculty Adjunct,Rady School of Computer Science and Engineering,NaN,,I AM NOT A VETERAN,,"No, I do not have a disability and have not had one in the past",,61,NaN
0,Part time,Faculty Adjunct,Rady School of Computer Science and Engineering,NaN,,I AM NOT A VETERAN,,"No, I do not have a disability and have not had one in the past",,61,NaN
0,Part time,Faculty Adjunct,Rady School of Computer Science and Engineering,NaN,,I AM NOT A VETERAN,,"No, I do not have a disability and have not had one in the past",,61,NaN
0,Part time,Faculty Adjunct,Rady School of Computer Science and Engineering,NaN,,I AM NOT A VETERAN,,"No, I do not have a disability and have not had one in the past",,61,NaN
0,Part time,Faculty Adjunct,Rady School of Computer Science and Engineering,NaN,,I AM NOT A VETERAN,,"No, I do not have a disability and have not had one in the past",,62,NaN
0,Part time,Faculty Adjunct,Rady School of Computer Science and Engineering,NaN,,I AM NOT A VETERAN,,"No, I do not have a disability and have not had one in the past",,62,NaN
0,Part time,Faculty Adjunct,Rady School of Computer Science and Engineering,NaN,,IDENTIFY AS ONE OR MORE OF THE CLASSIFICATIONS OF PROTECTED VETERANS,4 - Special Disabled Veterans (United States of America),"Yes, I have a disability, or have had one in the past",,62,NaN
0,Part time,Faculty Adjunct,Rady School of Computer Science and Engineering,NaN,,I AM NOT A VETERAN,,"No, I do not have a disability and have not had one in the past",,62,NaN
0,Part time,Faculty Adjunct,Rady School of Computer Science and Engineering,NaN,,I AM NOT A VETERAN,,"No, I do not have a disability and have not had one in the past",,62,NaN
0,Part time,Faculty Adjunct,Rady School of Computer Science and Engineering,NaN,,I AM NOT A VETERAN,,"No, I do not have a disability and have not had one in the past",,62,NaN
0,Part time,Faculty Adjunct,Rady School of Computer Science and Engineering,NaN,,I AM NOT A VETERAN,,"No, I do not have a disability and have not had one in the past",,62,NaN
0,Part time,Faculty Adjunct,Rady School of Computer Science and Engineering,NaN,,I AM NOT A VETERAN,,"No, I do not have a disability and have not had one in the past",,62,NaN
0,Part time,Faculty Adjunct,Rady School of Computer Science and Engineering,NaN,,I AM NOT A VETERAN,,"No, I do not have a disability and have not had one in the past",,62,NaN
0,Part time,Faculty Adjunct,Rady School of Computer Science and Engineering,NaN,,I AM NOT A VETERAN,,"No, I do not have a disability and have not had one in the past",,62,NaN
0,Part time,Faculty Adjunct,Rady School of Computer Science and Engineering,NaN,,I AM NOT A VETERAN,,"No, I do not have a disability and have not had one in the past",,62,NaN
0,Part time,Faculty Adjunct,Rady School of Computer Science and Engineering,NaN,,I AM NOT A VETERAN,,"No, I do not have a disability and have not had one in the past",,62,NaN
0,Part time,Faculty Adjunct,"Recreation, Exercise and Sport Science",NaN,,I AM NOT A VETERAN,,"No, I do not have a disability and have not had one in the past",,62,NaN
0,Part time,Faculty Adjunct,"Recreation, Exercise and Sport Science",NaN,,IDENTIFY AS ONE OR MORE OF THE CLASSIFICATIONS OF PROTECTED VETERANS,7 - Other Protected Veterans (United States of America),"No, I do not have a disability and have not had one in the past",,62,NaN
0,Part time,Faculty Adjunct,"Recreation, Exercise and Sport Science",NaN,,I AM NOT A VETERAN,,"No, I do not have a disability and have not had one in the past",,63,NaN
0,Part time,Faculty Adjunct,"Recreation, Exercise and Sport Science",NaN,,,,,,63,NaN
0,Part time,Faculty Adjunct,"Recreation, Exercise and Sport Science",NaN,,I AM NOT A VETERAN,,"No, I do not have a disability and have not had one in the past",,63,NaN
0,Part time,Faculty Adjunct,"Recreation, Exercise and Sport Science",NaN,,I AM NOT A VETERAN,,I do not want to answer,,63,NaN
0,Part time,Faculty Adjunct,"Recreation, Exercise and Sport Science",NaN,,I AM NOT A VETERAN,,"No, I do not have a disability and have not had one in the past",,63,NaN
0,Part time,Faculty Adjunct,"Recreation, Exercise and Sport Science",NaN,,I AM NOT A VETERAN,,"No, I do not have a disability and have not had one in the past",,63,NaN
0,Part time,Faculty Adjunct,"Recreation, Exercise and Sport Science",NaN,,I AM NOT A VETERAN,,"No, I do not have a disability and have not had one in the past",,63,NaN
0,Part time,Faculty Adjunct,"Recreation, Exercise and Sport Science",NaN,,I AM NOT A VETERAN,,"No, I do not have a disability and have not had one in the past",,64,NaN
0,Part time,Faculty Adjunct,"Recreation, Exercise and Sport Science",NaN,,I AM NOT A VETERAN,,"No, I do not have a disability and have not had one in the past",,64,NaN
0,Part time,Faculty Adjunct,"Recreation, Exercise and Sport Science",NaN,,I AM NOT A VETERAN,,"No, I do not have a disability and have not had one in the past",,64,NaN
0,Part time,Faculty Adjunct,"Recreation, Exercise and Sport Science",NaN,,I AM NOT A VETERAN,,"No, I do not have a disability and have not had one in the past",,64,NaN
0,Part time,Faculty Adjunct,"Recreation, Exercise and Sport Science",NaN,,I AM NOT A VETERAN,,"No, I do not have a disability and have not had one in the past",,64,NaN
0,Part time,Faculty Adjunct,"Recreation, Exercise and Sport Science",NaN,,I AM NOT A VETERAN,,"No, I do not have a disability and have not had one in the past",,64,NaN
0,Part time,Faculty Adjunct,"Recreation, Exercise and Sport Science",NaN,,I AM NOT A VETERAN,,"No, I do not have a disability and have not had one in the past",,64,NaN
0,Part time,Faculty Adjunct,Residence Life,NaN,,,,,,64,NaN
0,Part time,Faculty Adjunct,Residence Life,NaN,,I AM NOT A VETERAN,,"No, I do not have a disability and have not had one in the past",,64,NaN
0,Part time,Faculty Adjunct,Residence Life,NaN,,I AM NOT A VETERAN,,"Yes, I have a disability, or have had one in the past",,64,NaN
0,Part time,Faculty Adjunct,Residence Life,NaN,Yes,I AM NOT A VETERAN,,"No, I do not have a disability and have not had one in the past",,64,NaN
0,Part time,Faculty Adjunct,Residence Life,NaN,,I AM NOT A VETERAN,,"No, I do not have a disability and have not had one in the past",,64,NaN
0,Part time,Faculty Adjunct,Residence Life,NaN,,I AM NOT A VETERAN,,"No, I do not have a disability and have not had one in the past",,65,NaN
0,Part time,Faculty Adjunct,Residence Life,NaN,,I AM NOT A VETERAN,,"No, I do not have a disability and have not had one in the past",,65,NaN
0,Part time,Faculty Adjunct,School of Business,NaN,,I AM NOT A VETERAN,,"No, I do not have a disability and have not had one in the past",,66,NaN
0,Part time,Faculty Adjunct,School of Business,NaN,Yes,I AM NOT A VETERAN,,"Yes, I have a disability, or have had one in the past",,66,NaN
0,Part time,Faculty Adjunct,School of Business,NaN,,I AM NOT A VETERAN,,"No, I do not have a disability and have not had one in the past",,66,NaN
0,Part time,Faculty Adjunct,School of Business,NaN,,,,,,66,NaN
0,Part time,Faculty Adjunct,School of Business,NaN,,"IDENTIFY AS A VETERAN, JUST NOT A PROTECTED VETERAN",,"No, I do not have a disability and have not had one in the past",,66,NaN
0,Part time,Faculty Adjunct,School of Business,NaN,,I AM NOT A VETERAN,,"No, I do not have a disability and have not had one in the past",,66,NaN
0,Part time,Faculty Adjunct,School of Business,NaN,,I AM NOT A VETERAN,,"Yes, I have a disability, or have had one in the past",,66,NaN
0,Part time,Faculty Adjunct,School of Business,NaN,,"IDENTIFY AS A VETERAN, JUST NOT A PROTECTED VETERAN",7 - Other Protected Veterans (United States of America),"Yes, I have a disability, or have had one in the past",,66,NaN
0,Part time,Faculty Adjunct,School of Business,NaN,,I AM NOT A VETERAN,,"Yes, I have a disability, or have had one in the past",,66,NaN
0,Part time,Faculty Adjunct,School of Business,NaN,,I AM NOT A VETERAN,,"Yes, I have a disability, or have had one in the past",,67,NaN
0,Part time,Faculty Adjunct,School of Business,NaN,,,,,,67,NaN
0,Part time,Faculty Adjunct,School of Business,NaN,,I AM NOT A VETERAN,,"No, I do not have a disability and have not had one in the past",,68,NaN
0,Part time,Faculty Adjunct,School of Business,NaN,,I AM NOT A VETERAN,,"Yes, I have a disability, or have had one in the past",,68,NaN
0,Part time,Faculty Adjunct,School of Business,NaN,,I AM NOT A VETERAN,,"No, I do not have a disability and have not had one in the past",,68,NaN
0,Part time,Faculty Adjunct,School of Business,NaN,,I AM NOT A VETERAN,,"No, I do not have a disability and have not had one in the past",,68,NaN
0,Part time,Faculty Adjunct,School of Business,NaN,,I AM NOT A VETERAN,,"No, I do not have a disability and have not had one in the past",,68,NaN
0,Part time,Faculty Adjunct,School of Business,NaN,,I AM NOT A VETERAN,,"No, I do not have a disability and have not had one in the past",,69,NaN
0,Part time,Faculty Adjunct,School of Business,NaN,Yes,I AM NOT A VETERAN,,"No, I do not have a disability and have not had one in the past",,69,NaN
0,Part time,Faculty Adjunct,School of Business,NaN,,I AM NOT A VETERAN,,"Yes, I have a disability, or have had one in the past",,70,NaN
0,Part time,Faculty Adjunct,School of Business,NaN,,I AM NOT A VETERAN,,"No, I do not have a disability and have not had one in the past",,70,NaN
0,Part time,Faculty Adjunct,School of Business,NaN,,,,,,70,NaN
0,Part time,Faculty Adjunct,Security Services,NaN,,I AM NOT A VETERAN,,"No, I do not have a disability and have not had one in the past",,70,NaN
0,Part time,Faculty Adjunct,Security Services,NaN,,I AM NOT A VETERAN,,"No, I do not have a disability and have not had one in the past",,70,NaN
0,Part time,Faculty Adjunct,Student Affairs,NaN,,I AM NOT A VETERAN,,"No, I do not have a disability and have not had one in the past",,71,NaN
0,Part time,Faculty Adjunct,Student Affairs,NaN,,I AM NOT A VETERAN,,"No, I do not have a disability and have not had one in the past",,71,NaN
0,Part time,Faculty Adjunct,Student Affairs,NaN,,I AM NOT A VETERAN,,"No, I do not have a disability and have not had one in the past",,71,NaN
0,Part time,Faculty Adjunct,Student Affairs,NaN,,I AM NOT A VETERAN,,"No, I do not have a disability and have not had one in the past",,71,NaN
0,Part time,Faculty Adjunct,Student Affairs,NaN,,I AM NOT A VETERAN,,"No, I do not have a disability and have not had one in the past",,72,NaN
0,Part time,Faculty Adjunct,Student Affairs,NaN,,I AM NOT A VETERAN,,"No, I do not have a disability and have not had one in the past",,72,NaN
0,Part time,Faculty Adjunct,Student Retention and Completion,NaN,,I AM NOT A VETERAN,,"No, I do not have a disability and have not had one in the past",,72,NaN
0,Part time,Faculty Adjunct,Trades,NaN,Yes,I AM NOT A VETERAN,,"No, I do not have a disability and have not had one in the past",,72,NaN
0,Part time,Faculty Adjunct,Trades,NaN,,I DO NOT WISH TO SELF-IDENTIFY,,I do not want to answer,,72,NaN
0,Part time,Faculty Adjunct,Trades,NaN,,I AM NOT A VETERAN,,"No, I do not have a disability and have not had one in the past",,73,NaN
0,Part time,Faculty Adjunct,Trades,NaN,,I AM NOT A VETERAN,,"No, I do not have a disability and have not had one in the past",,74,NaN
0,Part time,Faculty Adjunct,Trades,NaN,,I AM NOT A VETERAN,,"No, I do not have a disability and have not had one in the past",,74,NaN
0,Part time,Faculty Adjunct,Trades,NaN,Yes,I AM NOT A VETERAN,,"No, I do not have a disability and have not had one in the past",,75,NaN
0,Part time,Faculty Adjunct,Trades,NaN,Yes,I AM NOT A VETERAN,,"Yes, I have a disability, or have had one in the past",,75,Non Binary
0,Part time,Faculty Adjunct,Trades,NaN,,I AM NOT A VETERAN,,"Yes, I have a disability, or have had one in the past",,77,Non Binary
0,Part time,Faculty Adjunct,Transportation Services,NaN,,I AM NOT A VETERAN,,"No, I do not have a disability and have not had one in the past",,78,NaN
0,Part time,Faculty Adjunct,,NaN,,,,,,89,NaN
