Years At Western,Time Type,Job Family,Department,Race_Ethnicity,Hispanic or Latino,Veteran Status,Veteran Status (External),Disability Status,Disability Status (External),Age,Gender
39,Full time,Administrative,Academic Affairs,American Indian or Alaska Native (United States of America),,,,,,15,Female
34,Full time,Administrative,Academic Affairs,American Indian or Alaska Native (United States of America),,,,,,20,Female
29,Full time,Administrative,Academic Affairs,Asian (United States of America),,,,,"No, I Don't Have A Disability, Or A History/Record Of Having A Disability",20,Female
29,Full time,Administrative,Academic Affairs,Asian (United States of America),,,,,"No, I Don't Have A Disability, Or A History/Record Of Having A Disability",20,Female
27,Full time,Administrative,Academic Affairs,Asian (United States of America),,,,,,21,Female
27,Full time,Administrative,Academic Affairs,Asian (United States of America),,,,,,21,Female
27,Full time,Administrative,Academic Resource Center,Asian (United States of America),,,,,,21,Female
27,Full time,Administrative,Academic Resource Center,Asian (United States of America),,,,,"No, I Don't Have A Disability, Or A History/Record Of Having A Disability",21,Female
26,Full time,Administrative,Academic Support Services,Asian (United States of America),,,,,"No, I Don't Have A Disability, Or A History/Record Of Having A Disability",22,Female
26,Full time,Administrative,Academic Support Services,Two or More Races (United States of America),Yes,,,,,22,Female
25,Full time,Administrative,Academic Support Services,Asian (United States of America),,,,,"No, I Don't Have A Disability, Or A History/Record Of Having A Disability",22,Female
25,Full time,Administrative,Academic Support Services,Black or African American (United States of America),,,,,"No, I Don't Have A Disability, Or A History/Record Of Having A Disability",23,Female
25,Full time,Administrative,Academic Support Services,Black or African American (United States of America),,,,,"No, I Don't Have A Disability, Or A History/Record Of Having A Disability",23,Female
25,Full time,Administrative,Academic Support Services,Black or African American (United States of America),,,,,"No, I Don't Have A Disability, Or A History/Record Of Having A Disability",23,Female
25,Full time,Administrative,Academic Support Services,Black or African American (United States of America),,,,,"No, I Don't Have A Disability, Or A History/Record Of Having A Disability",23,Female
24,Full time,Administrative,Accounting,Black or African American (United States of America),,,,,,23,Female
24,Full time,Administrative,Accounting,Black or African American (United States of America),,,,,,23,Female
24,Full time,Administrative,Accounting,Black or African American (United States of America),,,,,,23,Female
23,Full time,Administrative,Accounting,Black or African American (United States of America),,,,,,23,Female
23,Full time,Administrative,Accounting,Two or More Races (United States of America),Yes,,,,"No, I Don't Have A Disability, Or A History/Record Of Having A Disability",23,Female
23,Full time,Administrative,Admissions,Black or African American (United States of America),,,,,"No, I Don't Have A Disability, Or A History/Record Of Having A Disability",23,Female
23,Full time,Administrative,Admissions,Black or African American (United States of America),,,,,"No, I Don't Have A Disability, Or A History/Record Of Having A Disability",24,Female
23,Full time,Administrative,Admissions,Two or More Races (United States of America),Yes,,,,"No, I Don't Have A Disability, Or A History/Record Of Having A Disability",24,Female
21,Full time,Administrative,Admissions,Black or African American (United States of America),,,,,"No, I Don't Have A Disability, Or A History/Record Of Having A Disability",24,Female
21,Full time,Administrative,Admissions,Black or African American (United States of America),,,,,,24,Female
20,Full time,Administrative,Admissions,I do not wish to answer. (United States of America),,,,,,24,Female
20,Full time,Administrative,Admissions,I do not wish to answer. (United States of America),,,,,"No, I Don't Have A Disability, Or A History/Record Of Having A Disability",24,Female
20,Full time,Administrative,Admissions,I do not wish to answer. (United States of America),,,,,"No, I Don't Have A Disability, Or A History/Record Of Having A Disability",24,Female
20,Full time,Administrative,Admissions,I do not wish to answer. (United States of America),,,,,,24,Female
20,Full time,Administrative,Admissions,I do not wish to answer. (United States of America),,,,,,24,Female
19,Full time,Administrative,Advancement,I do not wish to answer. (United States of America),,,,,"No, I Don't Have A Disability, Or A History/Record Of Having A Disability",24,Female
19,Full time,Administrative,Advancement,I do not wish to answer. (United States of America),,,,,,24,Female
19,Full time,Administrative,Advancement,I do not wish to answer. (United States of America),,,,,,24,Female
19,Full time,Administrative,Advancement,I do not wish to answer. (United States of America),,,,,,24,Female
19,Full time,Administrative,Advancement,I do not wish to answer. (United States of America),,,,,"No, I Don't Have A Disability, Or A History/Record Of Having A Disability",24,Female
18,Full time,Administrative,Advancement,Two or More Races (United States of America),Yes,,,,"No, I Don't Have A Disability, Or A History/Record Of Having A Disability",24,Female
18,Full time,Administrative,Advancement,Two or More Races (United States of America),,,,,,24,Female
18,Full time,Administrative,Alumni Relations,Two or More Races (United States of America),,,,,,25,Female
18,Full time,Administrative,Art,Two or More Races (United States of America),,,,,"No, I Don't Have A Disability, Or A History/Record Of Having A Disability",25,Female
18,Full time,Administrative,Art,Two or More Races (United States of America),,,,,,25,Female
18,Full time,Administrative,Art,Two or More Races (United States of America),,,,,"No, I Don't Have A Disability, Or A History/Record Of Having A Disability",25,Female
18,Full time,Administrative,Art,Two or More Races (United States of America),,,,,"No, I Don't Have A Disability, Or A History/Record Of Having A Disability",25,Female
17,Full time,Administrative,Art,Two or More Races (United States of America),,,7 - Other Protected Veterans (United States of America),,"No, I Don't Have A Disability, Or A History/Record Of Having A Disability",25,Female
17,Full time,Administrative,Art,Two or More Races (United States of America),,,,,"No, I Don't Have A Disability, Or A History/Record Of Having A Disability",25,Female
17,Full time,Administrative,Athletics,Two or More Races (United States of America),,,,,"No, I Don't Have A Disability, Or A History/Record Of Having A Disability",25,Female
17,Full time,Administrative,Athletics,Two or More Races (United States of America),,,,,"No, I Don't Have A Disability, Or A History/Record Of Having A Disability",25,Female
17,Full time,Administrative,Athletics,Two or More Races (United States of America),,,,,"No, I Don't Have A Disability, Or A History/Record Of Having A Disability",25,Female
17,Full time,Administrative,Athletics,Two or More Races (United States of America),,,,,,25,Female
17,Full time,Administrative,Athletics,Two or More Races (United States of America),,,,,"No, I Don't Have A Disability, Or A History/Record Of Having A Disability",25,Female
17,Full time,Administrative,Athletics,Two or More Races (United States of America),,,,,"No, I Don't Have A Disability, Or A History/Record Of Having A Disability",25,Female
17,Full time,Administrative,Athletics,Two or More Races (United States of America),,,,,"No, I Don't Have A Disability, Or A History/Record Of Having A Disability",25,Female
17,Full time,Administrative,Athletics,Two or More Races (United States of America),,,,,"No, I Don't Have A Disability, Or A History/Record Of Having A Disability",25,Female
16,Full time,Administrative,Athletics,Two or More Races (United States of America),Yes,,,,"No, I Don't Have A Disability, Or A History/Record Of Having A Disability",26,Female
16,Full time,Administrative,Athletics,Two or More Races (United States of America),,,,,"No, I Don't Have A Disability, Or A History/Record Of Having A Disability",26,Female
16,Full time,Administrative,Athletics,White (United States of America),,,,,,26,Female
16,Full time,Administrative,Athletics,Histpanic or Latino,Yes,,,,,26,Female
16,Full time,Administrative,Athletics,White (United States of America),,,,,,26,Female
16,Full time,Administrative,Athletics,White (United States of America),,,,,"No, I Don't Have A Disability, Or A History/Record Of Having A Disability",26,Female
16,Full time,Administrative,Athletics,White (United States of America),,,,,"No, I Don't Have A Disability, Or A History/Record Of Having A Disability",26,Female
16,Full time,Administrative,Athletics,White (United States of America),,,,,,26,Female
15,Full time,Administrative,Athletics,White (United States of America),,,,,"No, I Don't Have A Disability, Or A History/Record Of Having A Disability",26,Female
15,Full time,Administrative,Athletics,White (United States of America),,,,,,26,Female
15,Full time,Administrative,Athletics -  Communications,White (United States of America),,I AM NOT A VETERAN,,I Don't Wish To Answer,"No, I Don't Have A Disability, Or A History/Record Of Having A Disability",26,Female
14,Full time,Administrative,Athletics - Business Operations,White (United States of America),,I AM NOT A VETERAN,,I Don't Wish To Answer,,26,Female
14,Full time,Administrative,Athletics - Business Operations,White (United States of America),,,,,"No, I Don't Have A Disability, Or A History/Record Of Having A Disability",26,Female
14,Full time,Administrative,Athletics - Cross Country,Histpanic or Latino,Yes,,,,"No, I Don't Have A Disability, Or A History/Record Of Having A Disability",26,Female
14,Full time,Administrative,Athletics - Football,White (United States of America),,,,,,26,Female
14,Full time,Administrative,Athletics - Football,White (United States of America),,,,,,26,Female
14,Full time,Administrative,Athletics - Football,White (United States of America),,,,,"YES, I HAVE A DISABILITY (or previously had a disability)",26,Female
14,Full time,Administrative,Athletics - Football,White (United States of America),,,,,,27,Female
13,Full time,Administrative,Athletics - Football,White (United States of America),,,,,,27,Female
13,Full time,Administrative,Athletics - Football,White (United States of America),,,,,"No, I Don't Have A Disability, Or A History/Record Of Having A Disability",27,Female
13,Full time,Administrative,Athletics - Football,White (United States of America),,,,,,27,Female
13,Full time,Administrative,Athletics - Football,White (United States of America),,,,,"No, I Don't Have A Disability, Or A History/Record Of Having A Disability",27,Female
12,Full time,Administrative,Athletics - Men's Basketball,White (United States of America),,,,,,27,Female
12,Full time,Administrative,Athletics - Men's Wrestling,White (United States of America),,,,,,27,Female
12,Full time,Administrative,Athletics - Men's Wrestling,White (United States of America),,,,,,27,Female
12,Full time,Administrative,Athletics - Men's Wrestling,White (United States of America),,,,,,27,Female
12,Full time,Administrative,Athletics - Track and Field,White (United States of America),,,,,"No, I Don't Have A Disability, Or A History/Record Of Having A Disability",27,Female
12,Full time,Administrative,Athletics - Track and Field,White (United States of America),,,,,"No, I Don't Have A Disability, Or A History/Record Of Having A Disability",27,Female
12,Full time,Administrative,Athletics - Women's Basketball,White (United States of America),,,,,"YES, I HAVE A DISABILITY (or previously had a disability)",27,Female
11,Full time,Administrative,Athletics - Women's Swimming and Diving,White (United States of America),,,,,,27,Female
11,Full time,Administrative,Athletics - Women's Swimming and Diving,White (United States of America),,,,,"No, I Don't Have A Disability, Or A History/Record Of Having A Disability",27,Female
10,Full time,Administrative,Athletics - Women's Volleyball,Histpanic or Latino,Yes,,,,"YES, I HAVE A DISABILITY (or previously had a disability)",28,Female
10,Full time,Administrative,Athletics - Women's Volleyball,Histpanic or Latino,Yes,,,,"No, I Don't Have A Disability, Or A History/Record Of Having A Disability",28,Female
10,Full time,Administrative,Behavioral and Social Sciences,White (United States of America),,,,,"YES, I HAVE A DISABILITY (or previously had a disability)",28,Female
10,Full time,Administrative,Behavioral and Social Sciences,White (United States of America),,,,,"No, I Don't Have A Disability, Or A History/Record Of Having A Disability",28,Female
10,Full time,Administrative,Behavioral and Social Sciences,White (United States of America),,,,,,28,Female
10,Full time,Administrative,Behavioral and Social Sciences,White (United States of America),,,7 - Other Protected Veterans (United States of America),,,28,Female
9,Full time,Administrative,Behavioral and Social Sciences,White (United States of America),,,,,,28,Female
9,Full time,Administrative,Behavioral and Social Sciences,White (United States of America),,,,,,28,Female
9,Full time,Administrative,Behavioral and Social Sciences,White (United States of America),,,,,,28,Female
9,Full time,Administrative,Behavioral and Social Sciences,White (United States of America),,,,,"No, I Don't Have A Disability, Or A History/Record Of Having A Disability",28,Female
9,Full time,Administrative,Behavioral and Social Sciences,White (United States of America),,,7 - Other Protected Veterans (United States of America),,"No, I Don't Have A Disability, Or A History/Record Of Having A Disability",28,Female
9,Full time,Administrative,Behavioral and Social Sciences,White (United States of America),,,,,"No, I Don't Have A Disability, Or A History/Record Of Having A Disability",28,Female
9,Full time,Administrative,Behavioral and Social Sciences,White (United States of America),,,,,"No, I Don't Have A Disability, Or A History/Record Of Having A Disability",28,Female
9,Full time,Administrative,Behavioral and Social Sciences,White (United States of America),,,,,"No, I Don't Have A Disability, Or A History/Record Of Having A Disability",28,Female
9,Full time,Administrative,Behavioral and Social Sciences,White (United States of America),,,,,,29,Female
9,Full time,Administrative,Behavioral and Social Sciences,White (United States of America),,,,,,29,Female
9,Full time,Administrative,Behavioral and Social Sciences,White (United States of America),,,,,,29,Female
9,Full time,Administrative,Behavioral and Social Sciences,White (United States of America),,,,,,29,Female
9,Full time,Administrative,Behavioral and Social Sciences,White (United States of America),,,,,"No, I Don't Have A Disability, Or A History/Record Of Having A Disability",29,Female
9,Full time,Administrative,Behavioral and Social Sciences,White (United States of America),,,,,,29,Female
9,Full time,Administrative,Bookstore,White (United States of America),,,,,"YES, I HAVE A DISABILITY (or previously had a disability)",29,Female
9,Full time,Administrative,Bookstore,Histpanic or Latino,Yes,,,,"No, I Don't Have A Disability, Or A History/Record Of Having A Disability",29,Female
8,Full time,Administrative,Bookstore,White (United States of America),,,,,"No, I Don't Have A Disability, Or A History/Record Of Having A Disability",29,Female
8,Full time,Administrative,Bookstore,White (United States of America),,,,,"No, I Don't Have A Disability, Or A History/Record Of Having A Disability",29,Female
8,Full time,Administrative,Bookstore,White (United States of America),,,,,"YES, I HAVE A DISABILITY (or previously had a disability)",29,Female
8,Full time,Administrative,Bookstore,White (United States of America),,,,,"No, I Don't Have A Disability, Or A History/Record Of Having A Disability",29,Female
8,Full time,Administrative,Business Services - University Center,White (United States of America),,,,,"No, I Don't Have A Disability, Or A History/Record Of Having A Disability",30,Female
8,Full time,Administrative,Business Services - University Center,White (United States of America),,,,,"No, I Don't Have A Disability, Or A History/Record Of Having A Disability",30,Female
8,Full time,Administrative,Campus Operations and Construction,White (United States of America),,I AM NOT A VETERAN,,"No, I do not have a disability and have not had one in the past","No, I Don't Have A Disability, Or A History/Record Of Having A Disability",30,Female
8,Full time,Administrative,Campus Operations and Construction,White (United States of America),,,,,"No, I Don't Have A Disability, Or A History/Record Of Having A Disability",30,Female
7,Full time,Administrative,Campus Operations and Construction,White (United States of America),,,,,"YES, I HAVE A DISABILITY (or previously had a disability)",30,Female
7,Full time,Administrative,Campus Operations and Construction,White (United States of America),,,,,,30,Female
7,Full time,Administrative,Campus Operations and Construction,White (United States of America),,,,,,30,Female
7,Full time,Administrative,Campus Operations and Construction,White (United States of America),,,,,,30,Female
7,Full time,Administrative,Campus Operations and Construction,White (United States of America),,,,,,30,Female
7,Full time,Administrative,Campus Operations and Construction,White (United States of America),,,,,,30,Female
7,Full time,Administrative,Campus Operations and Construction,White (United States of America),,,,,"No, I Don't Have A Disability, Or A History/Record Of Having A Disability",31,Female
7,Full time,Administrative,Campus Operations and Construction,White (United States of America),,,,,"No, I Don't Have A Disability, Or A History/Record Of Having A Disability",31,Female
7,Full time,Administrative,Campus Recreation,White (United States of America),,,,,"No, I Don't Have A Disability, Or A History/Record Of Having A Disability",31,Female
7,Full time,Administrative,Campus Recreation,White (United States of America),,,,,,31,Female
6,Full time,Administrative,Campus Recreation,White (United States of America),,,,,"YES, I HAVE A DISABILITY (or previously had a disability)",31,Female
6,Full time,Administrative,Campus Recreation,White (United States of America),,,,,"No, I Don't Have A Disability, Or A History/Record Of Having A Disability",31,Female
6,Full time,Administrative,Campus Recreation - Club Sports,White (United States of America),,,,,"No, I Don't Have A Disability, Or A History/Record Of Having A Disability",31,Female
6,Full time,Administrative,Campus Recreation - Club Sports,White (United States of America),,,,,"YES, I HAVE A DISABILITY (or previously had a disability)",31,Female
6,Full time,Administrative,Campus Recreation - Mountain Sports,White (United States of America),,I AM NOT A VETERAN,,"Yes, I have a disability, or have had one in the past","YES, I HAVE A DISABILITY (or previously had a disability)",31,Female
6,Full time,Administrative,Campus Recreation - Mountain Sports,White (United States of America),,,,,,31,Female
6,Full time,Administrative,Campus Recreation - Mountain Sports,White (United States of America),,,,,,32,Female
6,Full time,Administrative,Campus Recreation - Mountain Sports,White (United States of America),,,,,"YES, I HAVE A DISABILITY (or previously had a disability)",32,Female
6,Full time,Administrative,Campus Recreation - Mountain Sports,White (United States of America),,,,,,32,Female
6,Full time,Administrative,Campus Recreation - Mountain Sports,White (United States of America),,,,,"No, I Don't Have A Disability, Or A History/Record Of Having A Disability",32,Female
6,Full time,Administrative,Campus Recreation - Mountain Sports,White (United States of America),,,,,"No, I Don't Have A Disability, Or A History/Record Of Having A Disability",32,Female
6,Full time,Administrative,Campus Recreation - Mountain Sports,White (United States of America),,,,,"No, I Don't Have A Disability, Or A History/Record Of Having A Disability",32,Female
6,Full time,Administrative,Campus Recreation - Mountain Sports,White (United States of America),,,,,"No, I Don't Have A Disability, Or A History/Record Of Having A Disability",32,Female
6,Full time,Administrative,Campus Recreation - Mountain Sports,White (United States of America),,,,,,32,Female
6,Full time,Administrative,Campus Recreation - Mountain Sports,White (United States of America),,,,,"No, I Don't Have A Disability, Or A History/Record Of Having A Disability",32,Female
6,Full time,Administrative,Campus Recreation - Mountain Sports,White (United States of America),,,,,,32,Female
6,Full time,Administrative,Campus Recreation - Mountain Sports,White (United States of America),,,,,,32,Female
6,Full time,Administrative,Campus Recreation - Mountaineer Field House,White (United States of America),,,,,,32,Female
6,Full time,Administrative,Campus Recreation - Mountaineer Field House,White (United States of America),,,,,,33,Female
6,Full time,Administrative,Campus Recreation - Mountaineer Field House,White (United States of America),,,,,,33,Female
6,Full time,Administrative,Campus Recreation - Wilderness Pursuits,White (United States of America),,,,,,33,Female
6,Full time,Administrative,Campus Recreation - Wilderness Pursuits,White (United States of America),,,,,"No, I Don't Have A Disability, Or A History/Record Of Having A Disability",33,Female
5,Full time,Administrative,Center for Learning and Innovation,White (United States of America),,,,,"No, I Don't Have A Disability, Or A History/Record Of Having A Disability",33,Female
5,Full time,Administrative,Center for Learning and Innovation,White (United States of America),,,,,"No, I Don't Have A Disability, Or A History/Record Of Having A Disability",33,Female
5,Full time,Administrative,Center for Learning and Innovation,White (United States of America),,,,,"YES, I HAVE A DISABILITY (or previously had a disability)",34,Female
5,Full time,Administrative,Center for Learning and Innovation,White (United States of America),,,,,,34,Female
5,Full time,Administrative,Center for Learning and Innovation,White (United States of America),,,,,,34,Female
5,Full time,Administrative,Center for Learning and Innovation,White (United States of America),,,,,,34,Female
5,Full time,Administrative,Center for Learning and Innovation,White (United States of America),,,,,"No, I Don't Have A Disability, Or A History/Record Of Having A Disability",34,Female
5,Full time,Administrative,Center for Learning and Innovation,White (United States of America),,,7 - Other Protected Veterans (United States of America),,"No, I Don't Have A Disability, Or A History/Record Of Having A Disability",34,Female
5,Full time,Administrative,Center for Learning and Innovation,White (United States of America),,,,,"No, I Don't Have A Disability, Or A History/Record Of Having A Disability",34,Female
5,Full time,Administrative,Center for Learning and Innovation,White (United States of America),,,,,,34,Female
5,Full time,Administrative,Center for Learning and Innovation,White (United States of America),,,7 - Other Protected Veterans (United States of America),,,34,Female
5,Full time,Administrative,Center for Learning and Innovation,White (United States of America),,,,,"No, I Don't Have A Disability, Or A History/Record Of Having A Disability",34,Female
5,Full time,Administrative,Center for Learning and Innovation,White (United States of America),,,,,,34,Female
5,Full time,Administrative,Center for Learning and Innovation,White (United States of America),,,,,,34,Female
5,Full time,Administrative,Clark School of Environment and Sustainability,Histpanic or Latino,Yes,,,,"YES, I HAVE A DISABILITY (or previously had a disability)",34,Female
5,Full time,Administrative,Clark School of Environment and Sustainability,Histpanic or Latino,Yes,,,,,34,Female
5,Full time,Administrative,Clark School of Environment and Sustainability,White (United States of America),,,,,,35,Female
4,Full time,Administrative,Clark School of Environment and Sustainability,White (United States of America),,,,,,35,Female
4,Full time,Administrative,Clark School of Environment and Sustainability,White (United States of America),,,,,,35,Female
4,Full time,Administrative,Clark School of Environment and Sustainability,White (United States of America),,,,,"No, I Don't Have A Disability, Or A History/Record Of Having A Disability",35,Female
4,Full time,Administrative,Clark School of Environment and Sustainability,Histpanic or Latino,Yes,,,,"YES, I HAVE A DISABILITY (or previously had a disability)",35,Female
4,Full time,Administrative,Clark School of Environment and Sustainability,White (United States of America),,,,,,36,Female
4,Full time,Administrative,Clark School of Environment and Sustainability,White (United States of America),,,,,,36,Female
4,Full time,Administrative,Clark School of Environment and Sustainability,White (United States of America),,,,,"No, I Don't Have A Disability, Or A History/Record Of Having A Disability",36,Female
4,Full time,Administrative,Clark School of Environment and Sustainability,White (United States of America),,,,,,36,Female
4,Full time,Administrative,Clark School of Environment and Sustainability,White (United States of America),,,,,"No, I Don't Have A Disability, Or A History/Record Of Having A Disability",36,Female
4,Full time,Administrative,Clark School of Environment and Sustainability,White (United States of America),,,,,"No, I Don't Have A Disability, Or A History/Record Of Having A Disability",36,Female
4,Full time,Administrative,Clark School of Environment and Sustainability,White (United States of America),,,,,"No, I Don't Have A Disability, Or A History/Record Of Having A Disability",36,Female
4,Full time,Administrative,Clark School of Environment and Sustainability,White (United States of America),,,,,,36,Female
4,Full time,Administrative,Clark School of Environment and Sustainability,Histpanic or Latino,Yes,,,,,36,Female
4,Full time,Administrative,Clark School of Environment and Sustainability,White (United States of America),,,,,,37,Female
4,Full time,Administrative,Clark School of Environment and Sustainability,White (United States of America),,,,,,37,Female
4,Full time,Administrative,Clark School of Environment and Sustainability,White (United States of America),,,,,"No, I Don't Have A Disability, Or A History/Record Of Having A Disability",37,Female
4,Full time,Administrative,Clark School of Environment and Sustainability,White (United States of America),,,,,"No, I Don't Have A Disability, Or A History/Record Of Having A Disability",37,Female
4,Full time,Administrative,Clark School of Environment and Sustainability,White (United States of America),,,,,"No, I Don't Have A Disability, Or A History/Record Of Having A Disability",37,Female
4,Full time,Administrative,Clark School of Environment and Sustainability,White (United States of America),,,,,"No, I Don't Have A Disability, Or A History/Record Of Having A Disability",37,Female
4,Full time,Administrative,Clark School of Environment and Sustainability,White (United States of America),,,,,,37,Female
4,Full time,Administrative,Clark School of Environment and Sustainability,White (United States of America),,I AM NOT A VETERAN,,"No, I do not have a disability and have not had one in the past",,37,Female
4,Full time,Administrative,Clark School of Environment and Sustainability,White (United States of America),,,,,,37,Female
4,Full time,Administrative,Clark School of Environment and Sustainability,White (United States of America),,,,,"No, I Don't Have A Disability, Or A History/Record Of Having A Disability",37,Female
4,Full time,Administrative,Clark School of Environment and Sustainability,White (United States of America),,,,,,37,Female
4,Full time,Administrative,Clark School of Environment and Sustainability,White (United States of America),,,,,"No, I Don't Have A Disability, Or A History/Record Of Having A Disability",38,Female
4,Full time,Administrative,"Communication Arts, Languages, and Literature",White (United States of America),,,,,,38,Female
4,Full time,Administrative,"Communication Arts, Languages, and Literature",White (United States of America),,,,,,38,Female
4,Full time,Administrative,"Communication Arts, Languages, and Literature",White (United States of America),,,,,"No, I Don't Have A Disability, Or A History/Record Of Having A Disability",38,Female
4,Full time,Administrative,"Communication Arts, Languages, and Literature",White (United States of America),,,,,,38,Female
4,Full time,Administrative,"Communication Arts, Languages, and Literature",White (United States of America),,,,,"YES, I HAVE A DISABILITY (or previously had a disability)",38,Female
4,Full time,Administrative,"Communication Arts, Languages, and Literature",White (United States of America),,,,,,38,Female
4,Full time,Administrative,"Communication Arts, Languages, and Literature",White (United States of America),,,,,"No, I Don't Have A Disability, Or A History/Record Of Having A Disability",38,Female
4,Full time,Administrative,"Communication Arts, Languages, and Literature",White (United States of America),,,,,"No, I Don't Have A Disability, Or A History/Record Of Having A Disability",38,Female
4,Full time,Administrative,"Communication Arts, Languages, and Literature",White (United States of America),,,,,,39,Female
4,Full time,Administrative,"Communication Arts, Languages, and Literature",White (United States of America),,,,,"YES, I HAVE A DISABILITY (or previously had a disability)",39,Female
4,Full time,Administrative,"Communication Arts, Languages, and Literature",White (United States of America),,,,,"No, I Don't Have A Disability, Or A History/Record Of Having A Disability",39,Female
4,Full time,Administrative,"Communication Arts, Languages, and Literature",Histpanic or Latino,Yes,,,,,39,Female
4,Full time,Administrative,"Communication Arts, Languages, and Literature",White (United States of America),,,,,"No, I Don't Have A Disability, Or A History/Record Of Having A Disability",39,Female
4,Full time,Administrative,"Communication Arts, Languages, and Literature",White (United States of America),,,,,"No, I Don't Have A Disability, Or A History/Record Of Having A Disability",39,Female
4,Full time,Administrative,"Communication Arts, Languages, and Literature",White (United States of America),,,,,,39,Female
4,Full time,Administrative,"Communication Arts, Languages, and Literature",White (United States of America),,,,,"No, I Don't Have A Disability, Or A History/Record Of Having A Disability",39,Female
3,Full time,Administrative,"Communication Arts, Languages, and Literature",White (United States of America),,,,,"No, I Don't Have A Disability, Or A History/Record Of Having A Disability",39,Female
3,Full time,Administrative,"Communication Arts, Languages, and Literature",Histpanic or Latino,Yes,,,,"No, I Don't Have A Disability, Or A History/Record Of Having A Disability",39,Female
3,Full time,Administrative,"Communication Arts, Languages, and Literature",White (United States of America),,,,,"No, I Don't Have A Disability, Or A History/Record Of Having A Disability",39,Female
3,Full time,Administrative,"Communication Arts, Languages, and Literature",White (United States of America),,,,,"No, I Don't Have A Disability, Or A History/Record Of Having A Disability",39,Female
3,Full time,Administrative,"Communication Arts, Languages, and Literature",White (United States of America),,,,,"No, I Don't Have A Disability, Or A History/Record Of Having A Disability",39,Female
3,Full time,Administrative,"Communication Arts, Languages, and Literature",White (United States of America),,,,,"No, I Don't Have A Disability, Or A History/Record Of Having A Disability",40,Female
3,Full time,Administrative,Computer Science and Mathematics,White (United States of America),,,,,"No, I Don't Have A Disability, Or A History/Record Of Having A Disability",40,Female
3,Full time,Administrative,Computer Science and Mathematics,White (United States of America),,,,,"No, I Don't Have A Disability, Or A History/Record Of Having A Disability",40,Female
3,Full time,Administrative,Computer Science and Mathematics,White (United States of America),,,,,,40,Female
3,Full time,Administrative,Computer Science and Mathematics,White (United States of America),,,,,,40,Female
3,Full time,Administrative,Computer Science and Mathematics,White (United States of America),,,,,"No, I Don't Have A Disability, Or A History/Record Of Having A Disability",40,Female
3,Full time,Administrative,Computer Science and Mathematics,White (United States of America),,,,,"No, I Don't Have A Disability, Or A History/Record Of Having A Disability",40,Female
3,Full time,Administrative,Computer Science and Mathematics,White (United States of America),,,,,,40,Female
3,Full time,Administrative,Computer Science and Mathematics,White (United States of America),,,,,"No, I Don't Have A Disability, Or A History/Record Of Having A Disability",40,Female
3,Full time,Administrative,Computer Science and Mathematics,White (United States of America),,,,,"No, I Don't Have A Disability, Or A History/Record Of Having A Disability",40,Female
3,Full time,Administrative,Computer Science and Mathematics,White (United States of America),,,,,"No, I Don't Have A Disability, Or A History/Record Of Having A Disability",40,Female
3,Full time,Administrative,Computer Science and Mathematics,White (United States of America),,,,,"No, I Don't Have A Disability, Or A History/Record Of Having A Disability",40,Female
3,Full time,Administrative,Computer Science and Mathematics,White (United States of America),,,,,"YES, I HAVE A DISABILITY (or previously had a disability)",40,Female
3,Full time,Administrative,Computer Science and Mathematics,Histpanic or Latino,Yes,I AM NOT A VETERAN,,"No, I Don't Have A Disability, Or A History/Record Of Having A Disability","No, I Don't Have A Disability, Or A History/Record Of Having A Disability",40,Female
3,Full time,Administrative,Computer Science and Mathematics,White (United States of America),,,,,"YES, I HAVE A DISABILITY (or previously had a disability)",40,Female
3,Full time,Administrative,Computer Science and Mathematics,White (United States of America),,,,,,41,Female
3,Full time,Administrative,Concurrent Enrollment,White (United States of America),,,,,"No, I Don't Have A Disability, Or A History/Record Of Having A Disability",41,Female
3,Full time,Administrative,Concurrent Enrollment,White (United States of America),,,,,,41,Female
3,Full time,Administrative,Custodial Services,White (United States of America),,,,,"No, I Don't Have A Disability, Or A History/Record Of Having A Disability",41,Female
3,Full time,Administrative,Custodial Services,White (United States of America),,I AM NOT A VETERAN,,"No, I do not have a disability and have not had one in the past","No, I Don't Have A Disability, Or A History/Record Of Having A Disability",41,Female
3,Full time,Administrative,Custodial Services,White (United States of America),,,,,"No, I Don't Have A Disability, Or A History/Record Of Having A Disability",41,Female
3,Full time,Administrative,Custodial Services,White (United States of America),,,,,"No, I Don't Have A Disability, Or A History/Record Of Having A Disability",41,Female
3,Full time,Administrative,Custodial Services,White (United States of America),,,,,"No, I Don't Have A Disability, Or A History/Record Of Having A Disability",41,Female
2,Full time,Administrative,Custodial Services,White (United States of America),,,,,"No, I Don't Have A Disability, Or A History/Record Of Having A Disability",41,Female
2,Full time,Administrative,Custodial Services,White (United States of America),,,,,,41,Female
2,Full time,Administrative,Custodial Services,White (United States of America),,,6 - Newly Separated Veterans (United States of America),,"No, I Don't Have A Disability, Or A History/Record Of Having A Disability",41,Female
2,Full time,Administrative,Custodial Services,White (United States of America),,,,,"No, I Don't Have A Disability, Or A History/Record Of Having A Disability",41,Female
2,Full time,Administrative,Custodial Services,White (United States of America),,,,,"YES, I HAVE A DISABILITY (or previously had a disability)",41,Female
2,Full time,Administrative,Custodial Services,White (United States of America),,,,,"YES, I HAVE A DISABILITY (or previously had a disability)",41,Female
2,Full time,Classified,Custodial Services,White (United States of America),,I AM NOT A VETERAN,,"No, I do not have a disability and have not had one in the past","YES, I HAVE A DISABILITY (or previously had a disability)",42,Female
2,Full time,Classified,Custodial Services,Histpanic or Latino,Yes,,,,"No, I Don't Have A Disability, Or A History/Record Of Having A Disability",42,Female
2,Full time,Classified,Custodial Services,White (United States of America),,I AM NOT A VETERAN,,"No, I do not have a disability and have not had one in the past","No, I Don't Have A Disability, Or A History/Record Of Having A Disability",42,Female
2,Full time,Classified,Custodial Services,White (United States of America),,,,,"No, I Don't Have A Disability, Or A History/Record Of Having A Disability",42,Female
2,Full time,Classified,Custodial Services,White (United States of America),,,,,,42,Female
2,Full time,Classified,Custodial Services,White (United States of America),,I AM NOT A VETERAN,,"No, I do not have a disability and have not had one in the past","No, I Don't Have A Disability, Or A History/Record Of Having A Disability",42,Female
2,Full time,Classified,Custodial Services,White (United States of America),,,,,,42,Female
2,Full time,Classified,Custodial Services,White (United States of America),,,,,,42,Female
2,Full time,Classified,Custodial Services,White (United States of America),,,,,"No, I Don't Have A Disability, Or A History/Record Of Having A Disability",42,Female
2,Full time,Classified,Custodial Services,White (United States of America),,,,,"No, I Don't Have A Disability, Or A History/Record Of Having A Disability",42,Female
2,Full time,Classified,Custodial Services,White (United States of America),,,,,"No, I Don't Have A Disability, Or A History/Record Of Having A Disability",42,Female
2,Full time,Classified,Custodial Services,White (United States of America),,,,,"No, I Don't Have A Disability, Or A History/Record Of Having A Disability",42,Female
2,Full time,Classified,Custodial Services,White (United States of America),,,,,"No, I Don't Have A Disability, Or A History/Record Of Having A Disability",42,Female
2,Full time,Classified,Education,White (United States of America),,,,,,42,Female
2,Full time,Classified,Education,White (United States of America),,,,,"No, I Don't Have A Disability, Or A History/Record Of Having A Disability",42,Female
2,Full time,Classified,Education,White (United States of America),,,,,"No, I Don't Have A Disability, Or A History/Record Of Having A Disability",42,Female
2,Full time,Classified,Education,White (United States of America),,,,,,42,Female
2,Full time,Classified,Education,White (United States of America),,,,,"YES, I HAVE A DISABILITY (or previously had a disability)",42,Female
2,Full time,Classified,Education,White (United States of America),,,,,"No, I Don't Have A Disability, Or A History/Record Of Having A Disability",42,Female
2,Full time,Classified,Education,White (United States of America),,,,,"No, I Don't Have A Disability, Or A History/Record Of Having A Disability",42,Female
2,Full time,Classified,Education,White (United States of America),,,,,"No, I Don't Have A Disability, Or A History/Record Of Having A Disability",43,Female
2,Full time,Classified,Education,White (United States of America),,,,,"No, I Don't Have A Disability, Or A History/Record Of Having A Disability",43,Female
2,Full time,Classified,Education,White (United States of America),,,,,,43,Female
2,Full time,Classified,Education,White (United States of America),,,,,,43,Female
2,Full time,Classified,Education,White (United States of America),,I AM NOT A VETERAN,,"No, I Don't Have A Disability, Or A History/Record Of Having A Disability","No, I Don't Have A Disability, Or A History/Record Of Having A Disability",43,Female
2,Full time,Classified,Education,White (United States of America),,,,,"No, I Don't Have A Disability, Or A History/Record Of Having A Disability",43,Female
2,Full time,Classified,Education,White (United States of America),,,,,"No, I Don't Have A Disability, Or A History/Record Of Having A Disability",43,Female
2,Full time,Classified,Education,White (United States of America),,,,,,43,Female
2,Full time,Classified,Education,White (United States of America),,,,,"No, I Don't Have A Disability, Or A History/Record Of Having A Disability",43,Female
2,Full time,Classified,Education,White (United States of America),,,,,"No, I Don't Have A Disability, Or A History/Record Of Having A Disability",43,Female
2,Full time,Classified,Education,White (United States of America),,,,,"No, I Don't Have A Disability, Or A History/Record Of Having A Disability",43,Female
2,Full time,Classified,Education,White (United States of America),,,,,,43,Female
2,Full time,Classified,Education,White (United States of America),,,,,,43,Female
2,Full time,Classified,Education,White (United States of America),,,,,"No, I Don't Have A Disability, Or A History/Record Of Having A Disability",43,Female
2,Full time,Classified,Education,White (United States of America),,,,,,44,Female
2,Full time,Classified,Education,White (United States of America),,,,,,44,Female
2,Full time,Classified,Education,White (United States of America),,,,,"No, I Don't Have A Disability, Or A History/Record Of Having A Disability",44,Female
2,Full time,Classified,Education,White (United States of America),,,,,,44,Female
2,Full time,Classified,Education,White (United States of America),,,,,,44,Female
2,Full time,Classified,Education,White (United States of America),,,,,,44,Female
2,Full time,Classified,Education,White (United States of America),,,,,,44,Female
2,Full time,Classified,Education,White (United States of America),,,,,"No, I Don't Have A Disability, Or A History/Record Of Having A Disability",44,Female
2,Full time,Classified,Education,White (United States of America),,,,,"No, I Don't Have A Disability, Or A History/Record Of Having A Disability",44,Female
2,Full time,Classified,Education,White (United States of America),,,,,"No, I Don't Have A Disability, Or A History/Record Of Having A Disability",44,Female
2,Full time,Classified,Education,White (United States of America),,,,,,44,Female
2,Full time,Classified,Education,White (United States of America),,,,,,44,Female
2,Full time,Classified,Education,Histpanic or Latino,Yes,,,,"No, I Don't Have A Disability, Or A History/Record Of Having A Disability",44,Female
2,Full time,Classified,Education,Histpanic or Latino,Yes,,,,"No, I Don't Have A Disability, Or A History/Record Of Having A Disability",44,Female
2,Full time,Classified,Education,White (United States of America),,,,,,45,Female
2,Full time,Classified,Education,White (United States of America),,,,,"No, I Don't Have A Disability, Or A History/Record Of Having A Disability",45,Female
2,Full time,Classified,Education,White (United States of America),,,,,,45,Female
2,Full time,Classified,Education,Histpanic or Latino,Yes,,,,,45,Female
2,Full time,Classified,Education,White (United States of America),,,,,"No, I Don't Have A Disability, Or A History/Record Of Having A Disability",45,Female
2,Full time,Classified,Education,White (United States of America),,,,,,45,Female
2,Full time,Classified,Education,White (United States of America),,,,,"No, I Don't Have A Disability, Or A History/Record Of Having A Disability",45,Female
2,Full time,Faculty,Education,White (United States of America),,,,,"No, I Don't Have A Disability, Or A History/Record Of Having A Disability",45,Female
2,Full time,Faculty,Education,White (United States of America),,,,,"No, I Don't Have A Disability, Or A History/Record Of Having A Disability",45,Female
2,Full time,Faculty,Education,White (United States of America),,,,,"No, I Don't Have A Disability, Or A History/Record Of Having A Disability",45,Female
2,Full time,Faculty,Education,White (United States of America),,I AM NOT A VETERAN,,"No, I do not have a disability and have not had one in the past",,45,Female
2,Full time,Faculty,Education,White (United States of America),,,,,"No, I Don't Have A Disability, Or A History/Record Of Having A Disability",45,Female
2,Full time,Faculty,Education,White (United States of America),,,,,"No, I Don't Have A Disability, Or A History/Record Of Having A Disability",45,Female
2,Full time,Faculty,Education,Histpanic or Latino,Yes,,,,"No, I Don't Have A Disability, Or A History/Record Of Having A Disability",46,Female
1,Full time,Faculty,Education,White (United States of America),,,,,"No, I Don't Have A Disability, Or A History/Record Of Having A Disability",46,Female
1,Full time,Faculty,Education,White (United States of America),,,,,"No, I Don't Have A Disability, Or A History/Record Of Having A Disability",46,Female
1,Full time,Faculty,Education,White (United States of America),,,,,"No, I Don't Have A Disability, Or A History/Record Of Having A Disability",46,Female
1,Full time,Faculty,Education,White (United States of America),,,,,"No, I Don't Have A Disability, Or A History/Record Of Having A Disability",46,Male
1,Full time,Faculty,Education,Histpanic or Latino,Yes,,,"Yes, I have a disability, or have had one in the past","No, I Don't Have A Disability, Or A History/Record Of Having A Disability",46,Male
1,Full time,Faculty,Education,White (United States of America),,,,,,46,Male
1,Full time,Faculty,Education,White (United States of America),,,,,"No, I Don't Have A Disability, Or A History/Record Of Having A Disability",46,Male
1,Full time,Faculty,Education,White (United States of America),,,,,"No, I Don't Have A Disability, Or A History/Record Of Having A Disability",46,Male
1,Full time,Faculty,Education,White (United States of America),,,,,"No, I Don't Have A Disability, Or A History/Record Of Having A Disability",46,Male
1,Full time,Faculty,Education,White (United States of America),,I AM NOT A VETERAN,,"No, I Don't Have A Disability, Or A History/Record Of Having A Disability","No, I Don't Have A Disability, Or A History/Record Of Having A Disability",46,Male
1,Full time,Faculty,Education,White (United States of America),,,,,"No, I Don't Have A Disability, Or A History/Record Of Having A Disability",46,Male
1,Full time,Faculty,Education,White (United States of America),,,,,"No, I Don't Have A Disability, Or A History/Record Of Having A Disability",46,Male
1,Full time,Faculty,Education,White (United States of America),,,,,"No, I Don't Have A Disability, Or A History/Record Of Having A Disability",46,Male
1,Full time,Faculty,Education,White (United States of America),,,,,"No, I Don't Have A Disability, Or A History/Record Of Having A Disability",46,Male
1,Full time,Faculty,Education,Histpanic or Latino,Yes,,,,"No, I Don't Have A Disability, Or A History/Record Of Having A Disability",46,Male
1,Full time,Faculty,Education,Histpanic or Latino,Yes,,,,"No, I Don't Have A Disability, Or A History/Record Of Having A Disability",47,Male
1,Full time,Faculty,Education,White (United States of America),,,,,,47,Male
1,Full time,Faculty,Education,White (United States of America),,,,,"No, I Don't Have A Disability, Or A History/Record Of Having A Disability",47,Male
1,Full time,Faculty,Finance and Administration,Histpanic or Latino,Yes,,,,"No, I Don't Have A Disability, Or A History/Record Of Having A Disability",47,Male
1,Full time,Faculty,Finance and Administration,White (United States of America),,,,,,47,Male
1,Full time,Faculty,Finance and Administration,White (United States of America),,I AM NOT A VETERAN,,"Yes, I have a disability, or have had one in the past","No, I Don't Have A Disability, Or A History/Record Of Having A Disability",47,Male
1,Full time,Faculty,Finance and Administration,White (United States of America),,,,,"No, I Don't Have A Disability, Or A History/Record Of Having A Disability",47,Male
1,Full time,Faculty,Finance and Administration,Histpanic or Latino,Yes,,,,"No, I Don't Have A Disability, Or A History/Record Of Having A Disability",47,Male
1,Full time,Faculty,Finance and Administration,White (United States of America),,,,,"No, I Don't Have A Disability, Or A History/Record Of Having A Disability",47,Male
1,Full time,Faculty,Financial Aid,White (United States of America),,,,,"No, I Don't Have A Disability, Or A History/Record Of Having A Disability",47,Male
1,Full time,Faculty,Financial Aid,White (United States of America),,,,,"No, I Don't Have A Disability, Or A History/Record Of Having A Disability",47,Male
1,Full time,Faculty,Financial Aid,Histpanic or Latino,Yes,,,,"No, I Don't Have A Disability, Or A History/Record Of Having A Disability",47,Male
1,Full time,Faculty,Financial Aid - Student Accounts,White (United States of America),,,,,"No, I Don't Have A Disability, Or A History/Record Of Having A Disability",47,Male
1,Full time,Faculty,Graduate Program in Creative Writing,White (United States of America),,,,,"No, I Don't Have A Disability, Or A History/Record Of Having A Disability",48,Male
1,Full time,Faculty,Graduate Program in Creative Writing,Histpanic or Latino,Yes,,,,,48,Male
1,Full time,Faculty,Graduate Program in Creative Writing,White (United States of America),,,,,"No, I Don't Have A Disability, Or A History/Record Of Having A Disability",48,Male
1,Full time,Faculty,Graduate Program in Creative Writing,White (United States of America),,,,,"No, I Don't Have A Disability, Or A History/Record Of Having A Disability",48,Male
1,Full time,Faculty,Graduate Program in Creative Writing,White (United States of America),,,,,"No, I Don't Have A Disability, Or A History/Record Of Having A Disability",48,Male
1,Full time,Faculty,Graduate Program in Creative Writing,Histpanic or Latino,Yes,,,,"YES, I HAVE A DISABILITY (or previously had a disability)",48,Male
1,Full time,Faculty,Graduate Program in Creative Writing,White (United States of America),,,,,,48,Male
1,Full time,Faculty,Graduate Program in Creative Writing,White (United States of America),,,,,"No, I Don't Have A Disability, Or A History/Record Of Having A Disability",48,Male
1,Full time,Faculty,Graduate Program in Creative Writing,White (United States of America),,,,,"YES, I HAVE A DISABILITY (or previously had a disability)",48,Male
1,Full time,Faculty,Graduate Program in Creative Writing,Histpanic or Latino,Yes,I AM NOT A VETERAN,,"No, I do not have a disability and have not had one in the past",,48,Male
1,Full time,Faculty,Graduate Program in Creative Writing,White (United States of America),,,,,,48,Male
1,Full time,Faculty,Graduate Program in Creative Writing,White (United States of America),,,,,"No, I Don't Have A Disability, Or A History/Record Of Having A Disability",48,Male
1,Full time,Faculty,Graduate Program in Creative Writing,White (United States of America),,,,,"No, I Don't Have A Disability, Or A History/Record Of Having A Disability",48,Male
1,Full time,Faculty,Graduate Program in Creative Writing,White (United States of America),,,,,,49,Male
1,Full time,Faculty,Graduate Program in Creative Writing,White (United States of America),,,,,,49,Male
1,Full time,Faculty,Graduate Program in Creative Writing,White (United States of America),,,,,"No, I Don't Have A Disability, Or A History/Record Of Having A Disability",49,Male
1,Full time,Faculty,Graduate Program in Creative Writing,White (United States of America),,,,,"No, I Don't Have A Disability, Or A History/Record Of Having A Disability",49,Male
1,Full time,Faculty,Graduate Program in Creative Writing,White (United States of America),,,,,"No, I Don't Have A Disability, Or A History/Record Of Having A Disability",49,Male
1,Full time,Faculty,Graduate Program in Creative Writing,White (United States of America),,,,,"YES, I HAVE A DISABILITY (or previously had a disability)",49,Male
1,Full time,Faculty,Graduate Program in Creative Writing,White (United States of America),,,,,"No, I Don't Have A Disability, Or A History/Record Of Having A Disability",49,Male
1,Full time,Faculty,Graduate Program in Creative Writing,White (United States of America),,,,,,49,Male
1,Full time,Faculty,Graduate Program in Creative Writing,White (United States of America),,,,,"No, I Don't Have A Disability, Or A History/Record Of Having A Disability",49,Male
1,Full time,Faculty,Graduate Program in Creative Writing,White (United States of America),,,,,"No, I Don't Have A Disability, Or A History/Record Of Having A Disability",49,Male
1,Full time,Faculty,Graduate Program in Creative Writing,White (United States of America),,,,,,49,Male
1,Full time,Faculty,Graduate Program in Creative Writing,Histpanic or Latino,Yes,,,,"No, I Don't Have A Disability, Or A History/Record Of Having A Disability",49,Male
1,Full time,Faculty,Graduate Program in Creative Writing,White (United States of America),,,,,"No, I Don't Have A Disability, Or A History/Record Of Having A Disability",49,Male
1,Full time,Faculty,Graduate Program in Creative Writing,White (United States of America),,,,,"No, I Don't Have A Disability, Or A History/Record Of Having A Disability",50,Male
1,Full time,Faculty,Graduate Program in Creative Writing,White (United States of America),,,,,"No, I Don't Have A Disability, Or A History/Record Of Having A Disability",50,Male
1,Full time,Faculty,Graduate Program in Creative Writing,Histpanic or Latino,Yes,,,,,50,Male
1,Full time,Faculty,Graduate Program in Creative Writing,White (United States of America),,,,,,50,Male
1,Full time,Faculty,Graduate Studies,White (United States of America),,,,,"No, I Don't Have A Disability, Or A History/Record Of Having A Disability",50,Male
1,Full time,Faculty,Graduate Studies,White (United States of America),,,,,,50,Male
1,Full time,Faculty,Grants Supervisory,White (United States of America),,,,,,50,Male
1,Full time,Faculty,Grounds Maintenance,White (United States of America),,I AM NOT A VETERAN,,"No, I do not have a disability and have not had one in the past","No, I Don't Have A Disability, Or A History/Record Of Having A Disability",50,Male
1,Full time,Faculty,Grounds Maintenance,White (United States of America),,,,,"No, I Don't Have A Disability, Or A History/Record Of Having A Disability",50,Male
1,Full time,Faculty,Grounds Maintenance,White (United States of America),,,,,,50,Male
1,Full time,Faculty,Grounds Maintenance,White (United States of America),,,,,"No, I Don't Have A Disability, Or A History/Record Of Having A Disability",50,Male
1,Full time,Faculty,Human Resources,White (United States of America),,,,,"No, I Don't Have A Disability, Or A History/Record Of Having A Disability",50,Male
1,Full time,Faculty,Human Resources,White (United States of America),,,,,"No, I Don't Have A Disability, Or A History/Record Of Having A Disability",50,Male
1,Full time,Faculty,Human Resources,White (United States of America),,,,,"No, I Don't Have A Disability, Or A History/Record Of Having A Disability",50,Male
1,Full time,Faculty,Human Resources,White (United States of America),,,,,"No, I Don't Have A Disability, Or A History/Record Of Having A Disability",50,Male
1,Full time,Faculty,Information Technology Services,White (United States of America),,,,,"No, I Don't Have A Disability, Or A History/Record Of Having A Disability",50,Male
1,Full time,Faculty,Information Technology Services,Histpanic or Latino,Yes,,,,"No, I Don't Have A Disability, Or A History/Record Of Having A Disability",51,Male
1,Full time,Faculty,Information Technology Services,White (United States of America),,,,,"No, I Don't Have A Disability, Or A History/Record Of Having A Disability",51,Male
1,Full time,Faculty,Information Technology Services,White (United States of America),,,,,"No, I Don't Have A Disability, Or A History/Record Of Having A Disability",51,Male
1,Full time,Faculty,Information Technology Services,White (United States of America),,I AM NOT A VETERAN,,"No, I Don't Have A Disability, Or A History/Record Of Having A Disability","No, I Don't Have A Disability, Or A History/Record Of Having A Disability",51,Male
1,Full time,Faculty,Information Technology Services,White (United States of America),,I AM NOT A VETERAN,,"No, I do not have a disability and have not had one in the past",,51,Male
1,Full time,Faculty,Information Technology Services,White (United States of America),,I AM NOT A VETERAN,,"No, I Don't Have A Disability, Or A History/Record Of Having A Disability",,51,Male
1,Full time,Faculty,Information Technology Services,White (United States of America),,I AM NOT A VETERAN,,"No, I do not have a disability and have not had one in the past",,51,Male
1,Full time,Faculty,Institutional Research,White (United States of America),,,,,,51,Male
1,Full time,Faculty,IT Services - Audio Visual Services,White (United States of America),,I AM NOT A VETERAN,,"Yes, I have a disability, or have had one in the past",,51,Male
1,Full time,Faculty,IT Services - Enterprise Information Systems,White (United States of America),,I AM NOT A VETERAN,,"No, I do not have a disability and have not had one in the past",,51,Male
1,Full time,Faculty,IT Services - Enterprise Information Systems,White (United States of America),,,,,"No, I Don't Have A Disability, Or A History/Record Of Having A Disability",51,Male
1,Part time,Faculty,IT Services - Enterprise Information Systems,White (United States of America),,,,,,51,Male
1,Part time,Faculty,IT Services - Enterprise Information Systems,White (United States of America),,,,,"No, I Don't Have A Disability, Or A History/Record Of Having A Disability",51,Male
1,Part time,Faculty,IT Services - Enterprise Information Systems,White (United States of America),,,,,"No, I Don't Have A Disability, Or A History/Record Of Having A Disability",51,Male
1,Part time,Faculty,IT Services - Enterprise Information Systems,White (United States of America),,,,,,51,Male
1,Part time,Faculty,IT Services - Enterprise Information Systems,White (United States of America),,,,,,52,Male
1,Part time,Faculty,IT Services - Front Line Support,White (United States of America),,,,,,52,Male
1,Part time,Faculty,IT Services - Front Line Support,Histpanic or Latino,Yes,,,,,52,Male
1,Part time,Faculty,IT Services - Front Line Support,White (United States of America),,,,,,52,Male
1,Part time,Faculty,IT Services - Networking,White (United States of America),,,,,,52,Male
1,Part time,Faculty,IT Services - Systems,White (United States of America),,,,,,52,Male
1,Part time,Faculty,IT Services - Systems,White (United States of America),,,,,,52,Male
1,Part time,Faculty,IT Services - Web Services,White (United States of America),,,,,,52,Male
1,Part time,Faculty,IT Services - Web Services,Histpanic or Latino,Yes,,,,,52,Male
1,Part time,Faculty,Library Services,White (United States of America),,,,,,52,Male
1,Part time,Faculty,Library Services,White (United States of America),,,,,,52,Male
1,Part time,Faculty,Library Services,White (United States of America),,,,,,52,Male
1,Part time,Faculty,Library Services,White (United States of America),,,,,,53,Male
1,Part time,Faculty,Library Services,White (United States of America),,,,,,53,Male
1,Part time,Faculty,Library Services,White (United States of America),,I AM NOT A VETERAN,,"No, I Don't Have A Disability, Or A History/Record Of Having A Disability",,53,Male
1,Part time,Faculty,Marketing,White (United States of America),,I AM NOT A VETERAN,,"No, I Don't Have A Disability, Or A History/Record Of Having A Disability",,53,Male
1,Part time,Faculty,Marketing,White (United States of America),,I AM NOT A VETERAN,,"Yes, I Have A Disability, Or Have A History/Record Of Having A Disability",,53,Male
1,Part time,Faculty,Marketing,White (United States of America),,,,,,53,Male
1,Part time,Faculty,Marketing,White (United States of America),,I AM NOT A VETERAN,,"No, I Don't Have A Disability, Or A History/Record Of Having A Disability",,53,Male
1,Part time,Faculty,Marketing,White (United States of America),,,,,,53,Male
1,Part time,Faculty,Marketing and Enrollment,White (United States of America),,,,,,53,Male
1,Part time,Faculty,Marketing and Enrollment,White (United States of America),,,,,,53,Male
1,Part time,Faculty,Marketing and Enrollment,White (United States of America),,I AM NOT A VETERAN,,"No, I Don't Have A Disability, Or A History/Record Of Having A Disability",,53,Male
1,Part time,Faculty,Marketing and Enrollment,White (United States of America),,I AM NOT A VETERAN,,"No, I Don't Have A Disability, Or A History/Record Of Having A Disability",,53,Male
1,Part time,Faculty,Marketing and Enrollment,White (United States of America),,I AM NOT A VETERAN,,"No, I Don't Have A Disability, Or A History/Record Of Having A Disability",,53,Male
0,Part time,Faculty,Marketing and Enrollment,White (United States of America),,I AM NOT A VETERAN,,I Don't Wish To Answer,,54,Male
0,Part time,Faculty,Master of Behavioral Science,White (United States of America),,I AM NOT A VETERAN,,"Yes, I Have A Disability, Or Have A History/Record Of Having A Disability",,54,Male
0,Part time,Faculty,Master of Behavioral Science,White (United States of America),,I AM NOT A VETERAN,,"No, I Don't Have A Disability, Or A History/Record Of Having A Disability",,54,Male
0,Part time,Faculty,Masters in Gallery Management,White (United States of America),,I AM NOT A VETERAN,,"No, I Don't Have A Disability, Or A History/Record Of Having A Disability",,54,Male
0,Part time,Faculty,Masters in Gallery Management,White (United States of America),,I AM NOT A VETERAN,,"No, I do not have a disability and have not had one in the past",,54,Male
0,Part time,Faculty,Multicultural Affairs,White (United States of America),,I DO NOT WISH TO SELF-IDENTIFY,,I Don't Wish To Answer,,54,Male
0,Part time,Faculty,Music,White (United States of America),,I AM NOT A VETERAN,,"No, I Don't Have A Disability, Or A History/Record Of Having A Disability",,54,Male
0,Part time,Faculty,Music,White (United States of America),,I AM NOT A VETERAN,,"No, I Don't Have A Disability, Or A History/Record Of Having A Disability",,54,Male
0,Part time,Faculty,Music,White (United States of America),,I AM NOT A VETERAN,,"No, I Don't Have A Disability, Or A History/Record Of Having A Disability",,54,Male
0,Part time,Faculty,Music,White (United States of America),,,,,,54,Male
0,Part time,Faculty,Music,White (United States of America),,,,,,54,Male
0,Part time,Faculty,Music,White (United States of America),,I AM NOT A VETERAN,,"No, I Don't Have A Disability, Or A History/Record Of Having A Disability",,54,Male
0,Part time,Faculty,Music,White (United States of America),,I AM NOT A VETERAN,,"Yes, I Have A Disability, Or Have A History/Record Of Having A Disability",,54,Male
0,Part time,Faculty,Natural and Environmental Sciences,White (United States of America),,I AM NOT A VETERAN,,"No, I Don't Have A Disability, Or A History/Record Of Having A Disability",,55,Male
0,Part time,Faculty,Natural and Environmental Sciences,White (United States of America),,I AM NOT A VETERAN,,"No, I do not have a disability and have not had one in the past",,55,Male
0,Part time,Faculty,Natural and Environmental Sciences,White (United States of America),,I AM NOT A VETERAN,,"No, I Don't Have A Disability, Or A History/Record Of Having A Disability",,55,Male
0,Part time,Faculty,Natural and Environmental Sciences,White (United States of America),,I AM NOT A VETERAN,,"No, I Don't Have A Disability, Or A History/Record Of Having A Disability",,55,Male
0,Part time,Faculty,Natural and Environmental Sciences,White (United States of America),,I AM NOT A VETERAN,,"No, I Don't Have A Disability, Or A History/Record Of Having A Disability",,55,Male
0,Part time,Faculty,Natural and Environmental Sciences,White (United States of America),,I AM NOT A VETERAN,,"No, I Don't Have A Disability, Or A History/Record Of Having A Disability",,55,Male
0,Part time,Faculty,Natural and Environmental Sciences,White (United States of America),,I AM NOT A VETERAN,,"No, I do not have a disability and have not had one in the past",,55,Male
0,Part time,Faculty,Natural and Environmental Sciences,White (United States of America),,I AM NOT A VETERAN,,"No, I Don't Have A Disability, Or A History/Record Of Having A Disability",,55,Male
0,Part time,Faculty,Natural and Environmental Sciences,White (United States of America),,I AM NOT A VETERAN,,"No, I Don't Have A Disability, Or A History/Record Of Having A Disability",,55,Male
0,Part time,Faculty,Natural and Environmental Sciences,White (United States of America),,I AM NOT A VETERAN,,"No, I Don't Have A Disability, Or A History/Record Of Having A Disability",,55,Male
0,Part time,Faculty,Natural and Environmental Sciences,White (United States of America),,I AM NOT A VETERAN,,I Don't Wish To Answer,,55,Male
0,Part time,Faculty,Natural and Environmental Sciences,White (United States of America),,I AM NOT A VETERAN,,I Don't Wish To Answer,,55,Male
0,Part time,Faculty,Natural and Environmental Sciences,White (United States of America),,I AM NOT A VETERAN,,"No, I Don't Have A Disability, Or A History/Record Of Having A Disability",,56,Male
0,Part time,Faculty,Natural and Environmental Sciences,White (United States of America),,I AM NOT A VETERAN,,"No, I Don't Have A Disability, Or A History/Record Of Having A Disability",,56,Male
0,Part time,Faculty,Natural and Environmental Sciences,White (United States of America),,I AM NOT A VETERAN,,"No, I do not have a disability and have not had one in the past",,56,Male
0,Part time,Faculty,Natural and Environmental Sciences,White (United States of America),,,,,,56,Male
0,Part time,Faculty,Natural and Environmental Sciences,White (United States of America),,,,,,56,Male
0,Part time,Faculty,Natural and Environmental Sciences,White (United States of America),,I AM NOT A VETERAN,,"No, I Don't Have A Disability, Or A History/Record Of Having A Disability",,56,Male
0,Part time,Faculty,Natural and Environmental Sciences,White (United States of America),,I AM NOT A VETERAN,,"No, I Don't Have A Disability, Or A History/Record Of Having A Disability",,56,Male
0,Part time,Faculty,Natural and Environmental Sciences,Histpanic or Latino,Yes,I AM NOT A VETERAN,,"No, I Don't Have A Disability, Or A History/Record Of Having A Disability",,56,Male
0,Part time,Faculty,Natural and Environmental Sciences,White (United States of America),,I AM NOT A VETERAN,,I Don't Wish To Answer,,56,Male
0,Part time,Faculty,Natural and Environmental Sciences,White (United States of America),,I AM NOT A VETERAN,,"No, I Don't Have A Disability, Or A History/Record Of Having A Disability",,56,Male
0,Part time,Faculty,Natural and Environmental Sciences,White (United States of America),,,,,,56,Male
0,Part time,Faculty,Natural and Environmental Sciences,White (United States of America),,I AM NOT A VETERAN,,I Don't Wish To Answer,,56,Male
0,Part time,Faculty,Natural and Environmental Sciences,Histpanic or Latino,Yes,I AM NOT A VETERAN,,"No, I Don't Have A Disability, Or A History/Record Of Having A Disability",,56,Male
0,Part time,Faculty,Natural and Environmental Sciences,White (United States of America),,I AM NOT A VETERAN,,"No, I Don't Have A Disability, Or A History/Record Of Having A Disability",,57,Male
0,Part time,Faculty,Natural and Environmental Sciences,White (United States of America),,I AM NOT A VETERAN,,"No, I Don't Have A Disability, Or A History/Record Of Having A Disability",,57,Male
0,Part time,Faculty,Office of Inclusivity,White (United States of America),,I AM NOT A VETERAN,,"No, I Don't Have A Disability, Or A History/Record Of Having A Disability",,57,Male
0,Part time,Faculty,Office of Inclusivity,White (United States of America),,I AM NOT A VETERAN,,"No, I Don't Have A Disability, Or A History/Record Of Having A Disability",,57,Male
0,Part time,Faculty Adjunct,Office of Inclusivity,White (United States of America),,I AM NOT A VETERAN,,"No, I Don't Have A Disability, Or A History/Record Of Having A Disability",,57,Male
0,Part time,Faculty Adjunct,Office of Inclusivity,White (United States of America),,,,,,58,Male
0,Part time,Faculty Adjunct,Office of the President,White (United States of America),,I AM NOT A VETERAN,,"Yes, I have a disability, or have had one in the past",,58,Male
0,Part time,Faculty Adjunct,Office of the President,White (United States of America),,I AM NOT A VETERAN,,"No, I Don't Have A Disability, Or A History/Record Of Having A Disability",,58,Male
0,Part time,Faculty Adjunct,Office of the President,White (United States of America),,I AM NOT A VETERAN,,"No, I Don't Have A Disability, Or A History/Record Of Having A Disability",,58,Male
0,Part time,Faculty Adjunct,Office of the President,White (United States of America),,I AM NOT A VETERAN,,"Yes, I Have A Disability, Or Have A History/Record Of Having A Disability",,58,Male
0,Part time,Faculty Adjunct,Office of the President,White (United States of America),,I AM NOT A VETERAN,,"No, I Don't Have A Disability, Or A History/Record Of Having A Disability",,58,Male
0,Part time,Faculty Adjunct,Office of the President,White (United States of America),,I AM NOT A VETERAN,,"No, I Don't Have A Disability, Or A History/Record Of Having A Disability",,58,Male
0,Part time,Faculty Adjunct,Office of the President,White (United States of America),,I AM NOT A VETERAN,,"No, I Don't Have A Disability, Or A History/Record Of Having A Disability",,59,Male
0,Part time,Faculty Adjunct,Office of the President,White (United States of America),,I AM NOT A VETERAN,,I do not want to answer,,59,Male
0,Part time,Faculty Adjunct,Office of the Provost,White (United States of America),,I AM NOT A VETERAN,,"No, I Don't Have A Disability, Or A History/Record Of Having A Disability",,59,Male
0,Part time,Faculty Adjunct,Office of the Provost,White (United States of America),,I AM NOT A VETERAN,,"No, I Don't Have A Disability, Or A History/Record Of Having A Disability",,59,Male
0,Part time,Faculty Adjunct,Office of the Provost,White (United States of America),,I AM NOT A VETERAN,,"No, I do not have a disability and have not had one in the past",,59,Male
0,Part time,Faculty Adjunct,Office of the Provost,White (United States of America),,IDENTIFY AS ONE OR MORE OF THE CLASSIFICATIONS OF PROTECTED VETERANS,,"Yes, I have a disability, or have had one in the past",,59,Male
0,Part time,Faculty Adjunct,Office of the Provost,White (United States of America),,I AM NOT A VETERAN,,I Don't Wish To Answer,,59,Male
0,Part time,Faculty Adjunct,Office of the Provost,White (United States of America),,I AM NOT A VETERAN,,"Yes, I Have A Disability, Or Have A History/Record Of Having A Disability",,59,Male
0,Part time,Faculty Adjunct,Office of the Provost,White (United States of America),,I AM NOT A VETERAN,,"No, I do not have a disability and have not had one in the past",,59,Male
0,Part time,Faculty Adjunct,Office of the Provost,White (United States of America),,I AM NOT A VETERAN,,"No, I do not have a disability and have not had one in the past",,59,Male
0,Part time,Faculty Adjunct,Office of the Provost,White (United States of America),,I AM NOT A VETERAN,,"No, I do not have a disability and have not had one in the past",,59,Male
0,Part time,Faculty Adjunct,Office of the Provost,White (United States of America),,I AM NOT A VETERAN,,"No, I do not have a disability and have not had one in the past",,59,Male
0,Part time,Faculty Adjunct,Office of the Provost,White (United States of America),,,,,,60,Male
0,Part time,Faculty Adjunct,Office of the Provost,White (United States of America),,,,,,60,Male
0,Part time,Faculty Adjunct,Office of the Provost,White (United States of America),,,,,,60,Male
0,Part time,Faculty Adjunct,Office of the Provost,White (United States of America),,I AM NOT A VETERAN,,"No, I do not have a disability and have not had one in the past",,60,Male
0,Part time,Faculty Adjunct,Office of the Provost,White (United States of America),,I AM NOT A VETERAN,,"No, I do not have a disability and have not had one in the past",,60,Male
0,Part time,Faculty Adjunct,Office of the Provost,White (United States of America),,I AM NOT A VETERAN,,"No, I do not have a disability and have not had one in the past",,60,Male
0,Part time,Faculty Adjunct,Office of the Provost,White (United States of America),,I AM NOT A VETERAN,,I do not want to answer,,60,Male
0,Part time,Faculty Adjunct,Office of the Provost,White (United States of America),,I AM NOT A VETERAN,,"No, I do not have a disability and have not had one in the past",,60,Male
0,Part time,Faculty Adjunct,Office of the Provost,White (United States of America),,I AM NOT A VETERAN,,"No, I do not have a disability and have not had one in the past",,60,Male
0,Part time,Faculty Adjunct,Office of the Provost,White (United States of America),,I AM NOT A VETERAN,,"No, I do not have a disability and have not had one in the past",,60,Male
0,Part time,Faculty Adjunct,Outdoor Industry MBA Program,White (United States of America),,I AM NOT A VETERAN,,"No, I do not have a disability and have not had one in the past",,60,Male
0,Part time,Faculty Adjunct,Outdoor Industry MBA Program,White (United States of America),,"IDENTIFY AS A VETERAN, JUST NOT A PROTECTED VETERAN",,"No, I do not have a disability and have not had one in the past",,60,Male
0,Part time,Faculty Adjunct,Outdoor Industry MBA Program,White (United States of America),,I AM NOT A VETERAN,,"No, I do not have a disability and have not had one in the past",,60,Male
0,Part time,Faculty Adjunct,Outdoor Industry MBA Program,White (United States of America),,I AM NOT A VETERAN,,"No, I do not have a disability and have not had one in the past",,60,Male
0,Part time,Faculty Adjunct,Outdoor Industry MBA Program,White (United States of America),,I AM NOT A VETERAN,,"No, I do not have a disability and have not had one in the past",,60,Male
0,Part time,Faculty Adjunct,Outdoor Industry MBA Program,White (United States of America),,I AM NOT A VETERAN,,"Yes, I have a disability, or have had one in the past",,61,Male
0,Part time,Faculty Adjunct,Procurement and Contracts,White (United States of America),,I AM NOT A VETERAN,,"Yes, I have a disability, or have had one in the past",,61,Male
0,Part time,Faculty Adjunct,Rady School of Computer Science and Engineering,White (United States of America),,I AM NOT A VETERAN,,"No, I do not have a disability and have not had one in the past",,61,Male
0,Part time,Faculty Adjunct,Rady School of Computer Science and Engineering,White (United States of America),,,,,,61,Male
0,Part time,Faculty Adjunct,Rady School of Computer Science and Engineering,White (United States of America),,,,,,61,Male
0,Part time,Faculty Adjunct,Rady School of Computer Science and Engineering,White (United States of America),,I AM NOT A VETERAN,,"No, I do not have a disability and have not had one in the past",,61,Male
0,Part time,Faculty Adjunct,Rady School of Computer Science and Engineering,White (United States of America),,I AM NOT A VETERAN,,"No, I do not have a disability and have not had one in the past",,61,Male
0,Part time,Faculty Adjunct,Rady School of Computer Science and Engineering,White (United States of America),,I AM NOT A VETERAN,,"No, I do not have a disability and have not had one in the past",,61,Male
0,Part time,Faculty Adjunct,Rady School of Computer Science and Engineering,White (United States of America),,I AM NOT A VETERAN,,"No, I do not have a disability and have not had one in the past",,61,Male
0,Part time,Faculty Adjunct,Rady School of Computer Science and Engineering,White (United States of America),,I AM NOT A VETERAN,,"No, I do not have a disability and have not had one in the past",,62,Male
0,Part time,Faculty Adjunct,Rady School of Computer Science and Engineering,White (United States of America),,I AM NOT A VETERAN,,"No, I do not have a disability and have not had one in the past",,62,Male
0,Part time,Faculty Adjunct,Rady School of Computer Science and Engineering,White (United States of America),,IDENTIFY AS ONE OR MORE OF THE CLASSIFICATIONS OF PROTECTED VETERANS,4 - Special Disabled Veterans (United States of America),"Yes, I have a disability, or have had one in the past",,62,Male
0,Part time,Faculty Adjunct,Rady School of Computer Science and Engineering,White (United States of America),,I AM NOT A VETERAN,,"No, I do not have a disability and have not had one in the past",,62,Male
0,Part time,Faculty Adjunct,Rady School of Computer Science and Engineering,White (United States of America),,I AM NOT A VETERAN,,"No, I do not have a disability and have not had one in the past",,62,Male
0,Part time,Faculty Adjunct,Rady School of Computer Science and Engineering,White (United States of America),,I AM NOT A VETERAN,,"No, I do not have a disability and have not had one in the past",,62,Male
0,Part time,Faculty Adjunct,Rady School of Computer Science and Engineering,White (United States of America),,I AM NOT A VETERAN,,"No, I do not have a disability and have not had one in the past",,62,Male
0,Part time,Faculty Adjunct,Rady School of Computer Science and Engineering,White (United States of America),,I AM NOT A VETERAN,,"No, I do not have a disability and have not had one in the past",,62,Male
0,Part time,Faculty Adjunct,Rady School of Computer Science and Engineering,White (United States of America),,I AM NOT A VETERAN,,"No, I do not have a disability and have not had one in the past",,62,Male
0,Part time,Faculty Adjunct,Rady School of Computer Science and Engineering,White (United States of America),,I AM NOT A VETERAN,,"No, I do not have a disability and have not had one in the past",,62,Male
0,Part time,Faculty Adjunct,Rady School of Computer Science and Engineering,White (United States of America),,I AM NOT A VETERAN,,"No, I do not have a disability and have not had one in the past",,62,Male
0,Part time,Faculty Adjunct,Rady School of Computer Science and Engineering,White (United States of America),,I AM NOT A VETERAN,,"No, I do not have a disability and have not had one in the past",,62,Male
0,Part time,Faculty Adjunct,"Recreation, Exercise and Sport Science",White (United States of America),,I AM NOT A VETERAN,,"No, I do not have a disability and have not had one in the past",,62,Male
0,Part time,Faculty Adjunct,"Recreation, Exercise and Sport Science",White (United States of America),,IDENTIFY AS ONE OR MORE OF THE CLASSIFICATIONS OF PROTECTED VETERANS,7 - Other Protected Veterans (United States of America),"No, I do not have a disability and have not had one in the past",,62,Male
0,Part time,Faculty Adjunct,"Recreation, Exercise and Sport Science",White (United States of America),,I AM NOT A VETERAN,,"No, I do not have a disability and have not had one in the past",,63,Male
0,Part time,Faculty Adjunct,"Recreation, Exercise and Sport Science",White (United States of America),,,,,,63,Male
0,Part time,Faculty Adjunct,"Recreation, Exercise and Sport Science",White (United States of America),,I AM NOT A VETERAN,,"No, I do not have a disability and have not had one in the past",,63,Male
0,Part time,Faculty Adjunct,"Recreation, Exercise and Sport Science",White (United States of America),,I AM NOT A VETERAN,,I do not want to answer,,63,Male
0,Part time,Faculty Adjunct,"Recreation, Exercise and Sport Science",White (United States of America),,I AM NOT A VETERAN,,"No, I do not have a disability and have not had one in the past",,63,Male
0,Part time,Faculty Adjunct,"Recreation, Exercise and Sport Science",White (United States of America),,I AM NOT A VETERAN,,"No, I do not have a disability and have not had one in the past",,63,Male
0,Part time,Faculty Adjunct,"Recreation, Exercise and Sport Science",White (United States of America),,I AM NOT A VETERAN,,"No, I do not have a disability and have not had one in the past",,63,Male
0,Part time,Faculty Adjunct,"Recreation, Exercise and Sport Science",White (United States of America),,I AM NOT A VETERAN,,"No, I do not have a disability and have not had one in the past",,64,Male
0,Part time,Faculty Adjunct,"Recreation, Exercise and Sport Science",White (United States of America),,I AM NOT A VETERAN,,"No, I do not have a disability and have not had one in the past",,64,Male
0,Part time,Faculty Adjunct,"Recreation, Exercise and Sport Science",White (United States of America),,I AM NOT A VETERAN,,"No, I do not have a disability and have not had one in the past",,64,Male
0,Part time,Faculty Adjunct,"Recreation, Exercise and Sport Science",White (United States of America),,I AM NOT A VETERAN,,"No, I do not have a disability and have not had one in the past",,64,Male
0,Part time,Faculty Adjunct,"Recreation, Exercise and Sport Science",White (United States of America),,I AM NOT A VETERAN,,"No, I do not have a disability and have not had one in the past",,64,Male
0,Part time,Faculty Adjunct,"Recreation, Exercise and Sport Science",White (United States of America),,I AM NOT A VETERAN,,"No, I do not have a disability and have not had one in the past",,64,Male
0,Part time,Faculty Adjunct,"Recreation, Exercise and Sport Science",,,I AM NOT A VETERAN,,"No, I do not have a disability and have not had one in the past",,64,Male
0,Part time,Faculty Adjunct,Residence Life,,,,,,,64,Male
0,Part time,Faculty Adjunct,Residence Life,,,I AM NOT A VETERAN,,"No, I do not have a disability and have not had one in the past",,64,Male
0,Part time,Faculty Adjunct,Residence Life,,,I AM NOT A VETERAN,,"Yes, I have a disability, or have had one in the past",,64,Male
0,Part time,Faculty Adjunct,Residence Life,Two or More Races (United States of America),Yes,I AM NOT A VETERAN,,"No, I do not have a disability and have not had one in the past",,64,Male
0,Part time,Faculty Adjunct,Residence Life,,,I AM NOT A VETERAN,,"No, I do not have a disability and have not had one in the past",,64,Male
0,Part time,Faculty Adjunct,Residence Life,,,I AM NOT A VETERAN,,"No, I do not have a disability and have not had one in the past",,65,Male
0,Part time,Faculty Adjunct,Residence Life,,,I AM NOT A VETERAN,,"No, I do not have a disability and have not had one in the past",,65,Male
0,Part time,Faculty Adjunct,School of Business,,,I AM NOT A VETERAN,,"No, I do not have a disability and have not had one in the past",,66,Male
0,Part time,Faculty Adjunct,School of Business,Two or More Races (United States of America),Yes,I AM NOT A VETERAN,,"Yes, I have a disability, or have had one in the past",,66,Male
0,Part time,Faculty Adjunct,School of Business,,,I AM NOT A VETERAN,,"No, I do not have a disability and have not had one in the past",,66,Male
0,Part time,Faculty Adjunct,School of Business,,,,,,,66,Male
0,Part time,Faculty Adjunct,School of Business,,,"IDENTIFY AS A VETERAN, JUST NOT A PROTECTED VETERAN",,"No, I do not have a disability and have not had one in the past",,66,Male
0,Part time,Faculty Adjunct,School of Business,,,I AM NOT A VETERAN,,"No, I do not have a disability and have not had one in the past",,66,Male
0,Part time,Faculty Adjunct,School of Business,,,I AM NOT A VETERAN,,"Yes, I have a disability, or have had one in the past",,66,Male
0,Part time,Faculty Adjunct,School of Business,,,"IDENTIFY AS A VETERAN, JUST NOT A PROTECTED VETERAN",7 - Other Protected Veterans (United States of America),"Yes, I have a disability, or have had one in the past",,66,Male
0,Part time,Faculty Adjunct,School of Business,,,I AM NOT A VETERAN,,"Yes, I have a disability, or have had one in the past",,66,Male
0,Part time,Faculty Adjunct,School of Business,,,I AM NOT A VETERAN,,"Yes, I have a disability, or have had one in the past",,67,Male
0,Part time,Faculty Adjunct,School of Business,,,,,,,67,Male
0,Part time,Faculty Adjunct,School of Business,,,I AM NOT A VETERAN,,"No, I do not have a disability and have not had one in the past",,68,Male
0,Part time,Faculty Adjunct,School of Business,,,I AM NOT A VETERAN,,"Yes, I have a disability, or have had one in the past",,68,Male
0,Part time,Faculty Adjunct,School of Business,,,I AM NOT A VETERAN,,"No, I do not have a disability and have not had one in the past",,68,Male
0,Part time,Faculty Adjunct,School of Business,,,I AM NOT A VETERAN,,"No, I do not have a disability and have not had one in the past",,68,Male
0,Part time,Faculty Adjunct,School of Business,,,I AM NOT A VETERAN,,"No, I do not have a disability and have not had one in the past",,68,Male
0,Part time,Faculty Adjunct,School of Business,,,I AM NOT A VETERAN,,"No, I do not have a disability and have not had one in the past",,69,Male
0,Part time,Faculty Adjunct,School of Business,Two or More Races (United States of America),Yes,I AM NOT A VETERAN,,"No, I do not have a disability and have not had one in the past",,69,Male
0,Part time,Faculty Adjunct,School of Business,,,I AM NOT A VETERAN,,"Yes, I have a disability, or have had one in the past",,70,Male
0,Part time,Faculty Adjunct,School of Business,,,I AM NOT A VETERAN,,"No, I do not have a disability and have not had one in the past",,70,Male
0,Part time,Faculty Adjunct,School of Business,,,,,,,70,Male
0,Part time,Faculty Adjunct,Security Services,,,I AM NOT A VETERAN,,"No, I do not have a disability and have not had one in the past",,70,Male
0,Part time,Faculty Adjunct,Security Services,,,I AM NOT A VETERAN,,"No, I do not have a disability and have not had one in the past",,70,Male
0,Part time,Faculty Adjunct,Student Affairs,,,I AM NOT A VETERAN,,"No, I do not have a disability and have not had one in the past",,71,Male
0,Part time,Faculty Adjunct,Student Affairs,,,I AM NOT A VETERAN,,"No, I do not have a disability and have not had one in the past",,71,Male
0,Part time,Faculty Adjunct,Student Affairs,,,I AM NOT A VETERAN,,"No, I do not have a disability and have not had one in the past",,71,Male
0,Part time,Faculty Adjunct,Student Affairs,,,I AM NOT A VETERAN,,"No, I do not have a disability and have not had one in the past",,71,Male
0,Part time,Faculty Adjunct,Student Affairs,,,I AM NOT A VETERAN,,"No, I do not have a disability and have not had one in the past",,72,Male
0,Part time,Faculty Adjunct,Student Affairs,,,I AM NOT A VETERAN,,"No, I do not have a disability and have not had one in the past",,72,Male
0,Part time,Faculty Adjunct,Student Retention and Completion,,,I AM NOT A VETERAN,,"No, I do not have a disability and have not had one in the past",,72,Male
0,Part time,Faculty Adjunct,Trades,Two or More Races (United States of America),Yes,I AM NOT A VETERAN,,"No, I do not have a disability and have not had one in the past",,72,Male
0,Part time,Faculty Adjunct,Trades,,,I DO NOT WISH TO SELF-IDENTIFY,,I do not want to answer,,72,Male
0,Part time,Faculty Adjunct,Trades,,,I AM NOT A VETERAN,,"No, I do not have a disability and have not had one in the past",,73,Male
0,Part time,Faculty Adjunct,Trades,,,I AM NOT A VETERAN,,"No, I do not have a disability and have not had one in the past",,74,Male
0,Part time,Faculty Adjunct,Trades,,,I AM NOT A VETERAN,,"No, I do not have a disability and have not had one in the past",,74,Male
0,Part time,Faculty Adjunct,Trades,Two or More Races (United States of America),Yes,I AM NOT A VETERAN,,"No, I do not have a disability and have not had one in the past",,75,Male
0,Part time,Faculty Adjunct,Trades,Two or More Races (United States of America),Yes,I AM NOT A VETERAN,,"Yes, I have a disability, or have had one in the past",,75,Non Binary
0,Part time,Faculty Adjunct,Trades,,,I AM NOT A VETERAN,,"Yes, I have a disability, or have had one in the past",,77,Non Binary
0,Part time,Faculty Adjunct,Transportation Services,,,I AM NOT A VETERAN,,"No, I do not have a disability and have not had one in the past",,78,Not declared
0,Part time,Faculty Adjunct,,,,,,,,89,Not declared
